,name,buff_id,average_monthly_residential_rental_price,building_density,green_space_density,road_length,transportation_hubs,daily_avg_footfall,weekly_avg_footfall,consumer_digital_expenditure,total_digital_consumers,elderly_population,female_population,female_population_15_to_49years,kids_population,male_population,population,population_density,youth_population,average_monthly_commercial_rental_price,auto_dealership,auto_service_maintenance,motorcycle_dealership,truck_dealership,business_facility,government_office,post_office,book_store,higher_education,library,school,training_centre_institute,amusement_park,bowling_centre,casino,cinema,golf_course,golf_practice_range,ice_skating_rink,museum,nightlife,park_recreation_area,performing_arts,sports_centre,atm,bank,hospital,medical_service,pharmacy,industrial_zone,police_station,bar_or_pub,coffee_shop,restaurant,clothing_store,consumer_electronics_store,convenience_store,department_store,grocery_store,home_improvement_hardware_store,home_specialty_store,office_supply_services_store,petrol_gasoline_station,shopping,sporting_goods_store,airport,bus_station,train_station,transportation_service,hotel,premium_hotels,jewellery_store
0,starbucks coffee house,buff0001,23.33,224.08,0.12,24572.71,0,10,73,847047,22222,222,1672,386,592,128,413,1094.42,3240,,0,46,0,0,1,0,0,0,1,0,3,0,0,0,0,0,0,0,0,0,0,0,0,0,0,0,0,0,19,0,0,0,0,0,0,0,0,0,0,18,0,22,0,0,0,0,1,0,0,1,0,0
1,starbucks coffee house,buff0001,18.53,2082.54,0.02,2287.48,3,32,333,1976577,848,510,1036,4598,142,11040,756,15590.3,1212,,0,0,0,0,5,3,0,0,20,0,20,0,0,0,0,0,0,0,0,0,0,0,0,2,0,0,2,3,0,18,0,0,0,0,4,63,6,0,0,0,2,0,0,11,0,0,0,0,0,1,0,0
2,starbucks coffee house,buff0001,29.06,1655.9,0.19,3077.4,0,36,333,18126,774,1275,252,5166,1575,8544,610,8297.53,135,,0,0,0,0,19,1,0,0,6,0,1,0,0,0,0,0,0,0,0,0,0,0,0,6,0,0,2,23,0,0,0,0,0,0,4,6,2,0,0,0,1,0,0,0,0,0,0,0,0,2,0,0
3,starbucks coffee house,buff0001,20.34,0,0.28,4727.11,0,64,1,2334985,826,403,98,15,208,135,1190,2047.56,44,,0,0,0,0,8,0,0,0,0,1,0,1,0,0,0,0,0,0,0,0,0,0,0,0,0,1,4,0,0,0,0,0,0,23,0,4,0,0,0,0,0,0,0,0,0,0,1,0,0,0,0,0
4,starbucks coffee house,buff0001,29.95,0,0.17,25764.62,0,0,47,197466,15803,437,2940,228,421,1952,2790,12407.61,87,,0,0,0,0,0,5,0,0,3,0,10,0,0,0,0,0,0,0,0,0,0,1,0,0,1,0,0,13,4,0,0,9,3,0,0,0,0,0,0,1,0,0,0,0,0,0,0,0,0,0,0,0
5,starbucks coffee house,buff0001,16.13,556.08,0.12,20199.49,0,370,278,260580,31715,17,121,416,129,49,682,390.69,1380,54.24,0,0,0,0,48,0,0,0,0,0,0,0,0,0,0,0,0,0,0,0,0,3,0,0,0,1,0,17,0,0,0,1,0,0,0,0,3,0,27,0,25,2,0,0,0,0,0,0,0,2,0,0
6,starbucks coffee house,buff0001,19.52,0,0,17689.11,0,47,19,39863,1140,2395,154,114,170,489,868,734.53,265,,0,0,0,0,0,0,0,0,0,0,6,0,0,0,0,0,0,0,0,0,0,0,0,0,0,0,0,0,10,0,0,0,0,2,77,0,0,0,0,2,0,0,0,0,0,0,0,0,0,2,0,0
7,starbucks coffee house,buff0001,30,0,0.03,15946.89,1,31,698,26090,1631,340,7650,140,1440,1825,732,410.18,74,,0,0,1,0,8,3,0,0,10,0,0,37,0,0,0,0,0,0,0,0,0,0,0,0,17,0,0,0,1,0,0,0,0,0,0,0,0,0,0,1,0,0,1,0,1,0,0,0,0,0,0,0
8,starbucks coffee house,buff0001,29.04,7.92,0.17,23800.3,0,10,72,269843,1507,13,460,250,2,208,818,201.32,125,,0,0,0,0,50,0,0,0,0,0,1,0,0,0,0,0,0,0,0,0,0,0,0,0,0,0,0,1,5,1,0,0,0,0,1,0,0,0,0,0,0,0,0,0,0,0,0,0,0,0,0,0
9,starbucks - church street (s036),buff0002,71.11,954.12,0.02,19529.78,1,0,4,29188,777,292,343,165,98,9536,27900,477.6,4116,110.11,0,0,0,0,262,0,0,0,0,0,0,0,0,0,0,0,0,0,0,0,0,1,0,0,0,1,0,39,0,0,0,6,0,0,0,0,5,0,11,0,7,2,0,0,3,0,0,0,0,2,0,0
10,starbucks - church street (s036),buff0002,45.8,194.53,0.04,13274.05,4,9,38,26435,4167,1835,21,250,269,367,567,414.83,115,,0,0,0,0,7,0,0,1,0,0,2,15,0,0,0,0,0,0,0,0,0,0,0,2,10,0,0,2,5,0,0,0,0,20,22,0,0,0,0,31,4,0,0,0,0,0,0,0,4,0,0,0
11,starbucks - church street (s036),buff0002,23.68,40.91,0,1506.96,5,187,180,68346,3005,68,13860,428,1194,10976,23312,521.92,1728,26.39,0,0,0,0,10,1,0,0,18,0,7,0,0,0,0,1,0,0,0,0,0,2,0,0,1,0,2,4,0,0,0,1,1,0,142,0,0,0,0,62,0,0,1,0,2,0,0,0,0,0,0,0
12,starbucks - church street (s036),buff0002,24.86,553.19,0.04,1311.31,22,68,1250,103279,20560,670,348,108,2850,224,3700,26838.94,218,,1,0,0,0,2,0,0,0,0,0,1,0,0,0,0,0,0,0,0,0,0,0,0,0,0,18,0,1,3,2,0,0,0,3,7,0,0,0,0,0,0,0,0,0,0,0,0,0,0,0,0,0
13,starbucks - church street (s036),buff0002,29.96,158.58,0.28,10192.56,0,84,64,263862,21459,351,42,218,402,5184,9894,921.41,103,,0,0,0,0,0,5,0,0,2,0,0,0,0,0,0,0,0,0,0,0,0,0,0,0,8,0,0,0,7,0,0,0,0,1,0,0,0,0,0,4,0,0,2,0,0,0,0,0,0,0,0,0
14,starbucks - church street (s036),buff0002,24.44,0,0.03,7401.49,1,1,767,2201863,3980,46,195,413,1370,169,33604,1077.02,5004,39.95,0,0,0,0,9,0,0,0,6,0,1,0,0,0,0,0,0,0,0,0,0,0,0,0,0,0,0,0,3,1,0,0,0,8,80,0,0,0,0,0,0,0,0,0,0,0,0,0,0,1,0,0
15,starbucks - church street (s036),buff0002,48.95,516.58,0.04,7130.27,0,9,61,13481,20760,315,629,8982,111,995,1818,3281.51,240,,1,0,0,0,24,0,0,0,0,0,2,0,0,0,0,0,0,0,0,0,0,0,0,0,0,0,0,16,27,1,0,0,0,0,80,0,0,0,0,0,0,0,0,0,0,0,0,0,0,0,0,0
16,starbucks - church street (s036),buff0002,51.58,0,0.2,4720.04,0,12,610,274412,31445,126,8545,256,505,449,661,22305.79,42,,0,0,0,0,0,0,1,1,0,0,0,2,0,0,0,3,0,0,0,0,2,0,1,6,0,10,4,10,0,0,0,0,0,0,58,33,19,0,4,0,1,27,0,0,2,0,0,0,15,0,0,0
17,starbucks - church street (s036),buff0002,19.61,0,0.1,14476.44,0,429,235,34443,4364,1735,196,3585,286,9112,15128,90.02,414,,3,27,0,0,0,0,1,1,0,0,0,20,0,0,0,1,0,0,0,0,1,0,1,2,1,1,6,34,0,0,0,0,0,0,1,1,14,0,4,0,15,0,0,0,3,0,0,0,17,0,0,0
18,starbucks - church street (s036),buff0002,49.57,5.29,0.39,16298.49,4,2,458,168985,449,1980,556,194,1970,230,532,406.47,3120,,0,0,0,0,0,0,1,2,0,0,0,3,0,0,0,1,0,0,0,0,1,0,3,4,0,5,2,93,0,0,0,0,0,0,132,7,6,0,6,0,3,0,0,0,1,0,0,0,15,0,0,0
19,indiranagar starbucks,buff0003,21.56,0,0.1,10023.81,0,203,153,132950,8531,82,450,130,280,30,9114,1585.61,172,,0,0,0,0,0,11,0,0,0,0,4,0,0,0,0,0,0,0,0,0,0,0,0,0,0,0,0,0,4,0,0,0,0,11,1,0,0,0,0,4,0,0,0,3,0,0,0,0,1,0,0,0
20,indiranagar starbucks,buff0003,25.89,5.27,0.01,14510.05,0,25,20,35048,901,290,3450,124,667,1248,712,804.68,177,56.47,0,0,0,0,1,0,0,0,0,1,6,0,0,0,0,0,0,0,0,0,0,0,1,8,0,4,0,0,4,2,0,0,0,0,0,0,0,0,0,28,1,0,0,0,0,0,0,0,0,2,0,0
21,indiranagar starbucks,buff0003,25.51,0,0.35,25372.54,5,56,286,217736,17802,212,5190,166,305,334,70,5904.11,258,,0,0,0,0,0,0,0,0,0,0,1,2,0,0,0,0,0,0,0,0,0,0,0,0,0,2,0,0,1,0,0,0,0,0,0,0,0,0,2,10,13,1,0,0,0,0,1,0,0,0,0,0
22,indiranagar starbucks,buff0003,25.18,2394.7,0,8016,0,3,659,40793,2765,1820,8,374,1070,4992,604,1026.82,334,,0,0,0,0,54,0,0,0,3,1,2,0,0,0,0,2,0,0,0,0,0,0,0,0,0,3,0,0,7,2,0,0,9,8,0,0,0,0,11,0,0,0,0,0,0,0,1,0,0,0,0,0
23,indiranagar starbucks,buff0003,35.72,1426,0.01,2321.47,4,3,173,2289644,3726,339,16260,252,89,361,4278,219.15,137,37.5,0,0,0,0,1,0,0,0,0,1,3,7,0,0,0,0,0,0,0,0,0,0,1,16,0,3,0,0,9,5,0,0,0,0,0,0,0,0,0,0,3,0,0,0,0,0,0,0,0,8,0,0
24,indiranagar starbucks,buff0003,51.66,0,0.38,21425.41,0,10,1066,55781,4294,28,191,6282,1150,8128,640,15434.83,202,,0,21,0,0,0,11,0,0,6,0,1,3,0,0,0,0,0,0,0,0,1,1,0,5,0,0,6,0,0,0,0,3,0,0,0,0,1,0,0,6,0,0,0,0,0,0,0,0,29,0,0,0
25,indiranagar starbucks,buff0003,,26.42,0.08,23795.65,0,54,206,2589205,1573,278,10110,441,1685,12736,11780,3786.95,1812,,0,0,0,0,0,3,0,0,1,0,55,0,0,0,0,0,0,0,0,0,0,1,0,0,1,0,0,1,12,0,0,8,8,0,0,0,0,0,0,1,0,0,0,0,0,0,0,0,0,0,0,0
26,indiranagar starbucks,buff0003,30.16,2161.59,0.02,8680.12,0,140,405,868332,18773,483,7170,504,720,800,556,16797.02,366,,0,0,0,0,1,0,0,0,21,1,1,0,0,0,0,2,0,0,0,0,0,0,0,0,0,2,0,0,24,1,0,0,5,15,0,0,0,0,8,0,0,0,0,0,0,0,1,0,0,0,0,0
27,indiranagar starbucks,buff0003,34.5,2975.7,0,7349.08,0,14,47,54860,28689,230,92,8820,2020,98,5146,27149.99,379,,0,1,0,0,0,0,0,0,2,0,0,2,1,0,0,1,0,0,0,0,0,0,0,0,0,0,0,0,0,0,0,0,0,1,0,43,61,0,0,0,0,0,0,0,0,0,1,0,1,0,0,0
28,starbucks coffee,buff0004,,0,0.02,7675.67,0,28,26,29329,1460,271,628,7128,190,3104,153,40949.94,4476,,0,9,0,0,0,0,0,0,0,0,0,0,0,0,0,0,0,0,0,0,0,0,0,0,5,1,0,26,0,0,0,3,0,0,27,2,8,0,18,0,12,0,3,0,0,0,0,0,5,0,0,0
29,starbucks coffee,buff0004,16.67,2335.43,0.01,14731.63,1,3,1121,41802,240,341,97,7470,2165,189,1908,35421.36,405,,1,0,0,0,72,0,0,0,0,2,20,0,0,0,0,0,0,0,0,0,0,0,0,1,0,7,0,0,0,2,0,0,6,59,0,0,0,0,0,0,0,0,0,0,0,0,0,0,1,1,0,0
30,starbucks coffee,buff0004,21.91,569.42,0.1,21743.06,0,78,61,91780,4525,227,231,9306,335,344,329,3775.61,4176,,0,0,0,0,1,0,0,0,0,0,1,0,0,0,0,1,0,0,0,0,0,0,0,0,0,0,0,0,2,0,0,0,1,0,0,0,0,0,0,6,0,0,0,0,0,0,0,0,0,2,0,0
31,starbucks coffee,buff0004,30.4,0,0.35,21094.05,3,51,18,30686,789,379,11554,7488,25,555,528,237.48,256,,0,0,0,0,319,0,0,0,0,0,7,0,0,0,0,0,0,0,0,0,0,0,0,0,0,0,0,0,12,0,0,0,0,0,0,0,0,0,0,14,17,0,0,0,0,0,0,0,0,2,0,0
32,starbucks coffee,buff0004,35.72,1426,0.01,2321.47,4,3,173,2289644,3726,339,16260,252,89,361,4278,219.15,137,37.5,0,0,0,0,1,0,0,0,0,1,3,7,0,0,0,0,0,0,0,0,0,0,1,16,0,3,0,0,9,5,0,0,0,0,0,0,0,0,0,0,3,0,0,0,0,0,0,0,0,8,0,0
33,starbucks coffee,buff0004,24.44,0,0.03,7401.49,1,1,767,2201863,3980,46,195,413,1370,169,33604,1077.02,5004,39.95,0,0,0,0,9,0,0,0,6,0,1,0,0,0,0,0,0,0,0,0,0,0,0,0,0,0,0,0,3,1,0,0,0,8,80,0,0,0,0,0,0,0,0,0,0,0,0,0,0,1,0,0
34,starbucks coffee,buff0004,48.95,516.58,0.04,7130.27,0,9,61,13481,20760,315,629,8982,111,995,1818,3281.51,240,,1,0,0,0,24,0,0,0,0,0,2,0,0,0,0,0,0,0,0,0,0,0,0,0,0,0,0,16,27,1,0,0,0,0,80,0,0,0,0,0,0,0,0,0,0,0,0,0,0,0,0,0
35,starbucks coffee,buff0004,51.58,0,0.2,4720.04,0,12,610,274412,31445,126,8545,256,505,449,661,22305.79,42,,0,0,0,0,0,0,1,1,0,0,0,2,0,0,0,3,0,0,0,0,2,0,1,6,0,10,4,10,0,0,0,0,0,0,58,33,19,0,4,0,1,27,0,0,2,0,0,0,15,0,0,0
36,starbucks coffee,buff0004,49.57,5.29,0.39,16298.49,4,2,458,168985,449,1980,556,194,1970,230,532,406.47,3120,,0,0,0,0,0,0,1,2,0,0,0,3,0,0,0,1,0,0,0,0,1,0,3,4,0,5,2,93,0,0,0,0,0,0,132,7,6,0,6,0,3,0,0,0,1,0,0,0,15,0,0,0
37,starbucks coffee,buff0005,76.35,22.41,0.06,23595.54,0,2,646,58632,4765,525,10890,217,176,11648,2056,5254.87,989,,0,0,0,0,14,0,0,2,0,0,2,30,0,0,0,0,0,0,0,0,0,0,0,4,1,0,0,6,1,0,0,0,0,4,10,0,0,0,0,1,5,0,0,0,0,0,0,0,26,0,0,0
38,starbucks coffee,buff0005,20.61,0,0,16333.56,0,264,25,33339,286,1650,8544,502,296,376,482,716.23,21,,0,1,3,0,0,0,1,0,0,0,0,0,0,0,0,0,0,0,0,0,0,0,0,4,1,3,0,1,0,2,0,0,0,23,0,1,8,0,1,0,0,1,2,0,0,0,0,0,0,0,0,1
39,starbucks coffee,buff0005,30,986.32,0.07,11585.71,0,72,20,72512,3792,133,12090,284,334,13664,374,529.73,209,,0,5,0,0,0,0,0,0,0,0,0,29,0,0,0,0,0,0,0,0,0,2,0,0,0,0,0,0,0,0,0,0,0,6,0,0,3,0,3,0,0,7,0,0,0,0,0,0,0,1,0,0
40,starbucks coffee,buff0005,,0,0.06,10963.32,25,20,88,148492,614,1870,10020,10260,49,11424,720,520.45,5124,,0,1,3,0,1,0,0,0,0,0,1,0,0,0,0,0,0,0,0,0,0,0,0,4,14,0,2,0,0,0,1,0,3,8,0,116,0,0,4,3,0,0,0,0,0,0,0,0,0,0,0,0
41,starbucks coffee,buff0005,,0,0.01,2830.44,1,7,12,46591,476,83,690,4171,215,300,9578,726.27,232,,0,0,3,0,49,1,0,0,6,0,9,0,0,0,0,0,0,0,0,0,0,8,0,0,3,0,0,11,1,0,0,12,3,0,0,1,0,0,0,5,0,0,3,0,0,0,0,0,0,0,0,0
42,starbucks coffee,buff0005,21.22,108.41,0.06,8880,0,1,192,1783008,6618,100,270,6066,22,31,222,414.78,5736,,0,0,0,0,78,1,0,0,3,0,3,0,0,0,0,1,0,0,0,0,0,11,0,0,1,0,0,2,5,0,0,4,5,0,26,0,0,0,0,31,0,0,1,0,0,0,0,0,0,0,0,0
43,starbucks coffee,buff0005,,521.44,0.01,7308.41,1,1,43,3184,447,86,93,6282,2000,191,606,1070.51,864,,0,0,0,0,31,0,0,0,13,0,4,0,0,0,0,0,0,0,0,0,0,1,0,0,0,0,0,0,0,0,0,0,0,64,0,0,0,0,0,0,0,0,2,0,0,0,0,0,0,8,0,0
44,starbucks coffee,buff0005,,176.89,0.05,11522.92,1,4,559,131026,2664,292,129,45,1215,13056,6262,20000.87,142,,0,1,1,0,5,0,0,0,0,0,8,0,0,0,0,0,0,0,0,0,0,0,0,9,19,0,4,0,0,0,1,0,4,19,0,7,0,0,4,66,0,0,0,0,0,0,0,0,0,0,0,0
45,starbucks coffee,buff0005,189.01,42.33,0.04,8060.68,0,27,9,14122,21821,1880,7830,1,0,339,560,1067.51,102,19.88,0,0,0,0,0,1,0,4,4,0,4,0,0,0,0,0,0,0,0,0,0,0,0,0,6,0,0,0,20,0,1,0,2,0,0,0,0,0,0,23,0,0,0,0,0,0,1,0,0,0,0,0
46,starbucks vittal mallya road,buff0006,71.11,954.12,0.02,19529.78,1,0,4,29188,777,292,343,165,98,9536,27900,477.6,4116,110.11,0,0,0,0,262,0,0,0,0,0,0,0,0,0,0,0,0,0,0,0,0,1,0,0,0,1,0,39,0,0,0,6,0,0,0,0,5,0,11,0,7,2,0,0,3,0,0,0,0,2,0,0
47,starbucks vittal mallya road,buff0006,45.8,194.53,0.04,13274.05,4,9,38,26435,4167,1835,21,250,269,367,567,414.83,115,,0,0,0,0,7,0,0,1,0,0,2,15,0,0,0,0,0,0,0,0,0,0,0,2,10,0,0,2,5,0,0,0,0,20,22,0,0,0,0,31,4,0,0,0,0,0,0,0,4,0,0,0
48,starbucks vittal mallya road,buff0006,19.17,0,0.03,4634.13,0,177,71,265206,631,923,415,3,185,3808,802,12209.55,459,,5,0,0,0,0,0,0,0,0,0,24,0,0,0,0,0,0,0,0,0,0,0,0,0,0,0,0,6,1,0,0,0,0,0,1,0,0,0,0,0,0,0,0,0,0,0,0,0,0,0,0,0
49,starbucks vittal mallya road,buff0006,24.86,553.19,0.04,1311.31,22,68,1250,103279,20560,670,348,108,2850,224,3700,26838.94,218,,1,0,0,0,2,0,0,0,0,0,1,0,0,0,0,0,0,0,0,0,0,0,0,0,0,18,0,1,3,2,0,0,0,3,7,0,0,0,0,0,0,0,0,0,0,0,0,0,0,0,0,0
50,starbucks vittal mallya road,buff0006,29.96,158.58,0.28,10192.56,0,84,64,263862,21459,351,42,218,402,5184,9894,921.41,103,,0,0,0,0,0,5,0,0,2,0,0,0,0,0,0,0,0,0,0,0,0,0,0,0,8,0,0,0,7,0,0,0,0,1,0,0,0,0,0,4,0,0,2,0,0,0,0,0,0,0,0,0
51,starbucks vittal mallya road,buff0006,24.44,0,0.03,7401.49,1,1,767,2201863,3980,46,195,413,1370,169,33604,1077.02,5004,39.95,0,0,0,0,9,0,0,0,6,0,1,0,0,0,0,0,0,0,0,0,0,0,0,0,0,0,0,0,3,1,0,0,0,8,80,0,0,0,0,0,0,0,0,0,0,0,0,0,0,1,0,0
52,starbucks vittal mallya road,buff0006,42.35,42.28,0.26,13060.37,0,62,140,282110,1380,2000,353,210,45,354,16,12695.58,384,,0,0,0,0,2,0,0,0,0,1,0,1,0,0,0,0,0,0,0,0,0,0,0,0,0,1,8,0,0,0,0,0,0,5,0,90,0,0,0,0,0,0,0,0,0,0,0,0,0,0,0,0
53,starbucks vittal mallya road,buff0006,35,0,0.05,15797.82,0,189,17,15997,2423,925,2310,129,220,10304,20268,805.62,3372,,0,0,0,0,32,0,0,0,4,1,25,0,0,0,0,0,0,0,0,0,0,0,0,0,0,21,0,0,1,0,0,0,3,24,0,0,0,0,0,0,0,0,0,0,0,0,1,0,0,1,0,0
54,starbucks vittal mallya road,buff0006,,29.1,0.12,8476.58,0,6,437,1880,3576,2340,2790,263,295,1,2806,2502.93,345,,0,0,2,0,21,5,0,0,1,0,5,0,0,0,0,0,0,0,0,0,0,2,0,0,4,0,0,45,32,0,0,1,13,0,0,17,0,0,0,5,0,0,2,0,0,0,0,0,0,0,0,0
55,starbucks vittal mallya road,buff0006,49.57,5.29,0.39,16298.49,4,2,458,168985,449,1980,556,194,1970,230,532,406.47,3120,,0,0,0,0,0,0,1,2,0,0,0,3,0,0,0,1,0,0,0,0,1,0,3,4,0,5,2,93,0,0,0,0,0,0,132,7,6,0,6,0,3,0,0,0,1,0,0,0,15,0,0,0
56,starbucks coffee,buff0007,19.3,0,0.06,16549.12,0,76,17,268005,31384,419,4410,38,80,110,484,6616.16,37,,0,0,0,0,44,0,0,0,0,1,0,2,0,0,0,0,0,0,0,0,0,0,0,1,0,1,4,0,0,0,0,0,0,1,0,2,0,0,0,0,0,0,0,0,0,0,0,0,0,10,0,0
57,starbucks coffee,buff0007,18.87,988.6,0.03,10238.69,0,0,413,1141109,1229,58,1292,452,2180,147,7006,38363.26,121,,1,0,0,0,489,0,0,0,0,1,28,0,0,0,0,0,0,0,0,0,0,0,0,2,0,1,0,0,0,1,0,0,2,177,0,0,0,0,0,0,0,0,0,0,0,0,0,0,8,2,0,0
58,starbucks coffee,buff0007,24.36,1.32,0,6554.14,0,4,2,3363,3750,375,201,262,243,258,0,206.27,144,,2,8,0,0,0,0,0,0,0,0,0,1,0,0,0,0,0,0,0,0,1,1,1,0,0,0,5,0,0,0,0,0,0,0,12,5,1,0,9,0,1,0,0,0,0,0,0,0,3,0,0,0
59,starbucks coffee,buff0007,33,0,0.12,28581.8,0,15,137,9850,5139,259,2070,4392,38,299,35340,717.74,3780,65.28,0,0,0,0,33,1,0,0,1,0,1,0,0,0,0,0,0,0,0,0,0,0,0,0,0,0,0,0,3,3,0,0,0,9,4,0,0,0,0,0,0,0,0,0,0,0,0,0,0,1,0,0
60,starbucks coffee,buff0007,20.3,1408.92,0.1,11080.38,3,11,5,2112513,614,112,1348,263,84,7997,610,953.04,287,,0,4,0,0,0,0,0,0,0,0,0,1,0,0,0,0,0,0,0,0,0,5,0,0,0,0,0,0,0,0,0,0,0,0,0,2,41,0,6,0,25,1,0,0,0,0,0,0,12,0,0,0
61,starbucks coffee,buff0007,18.91,278.54,0.05,16908.13,3,11,145,27762,704,97,225,4554,2585,210,4464,12632.16,4944,,0,0,0,0,0,0,0,0,0,0,10,22,0,0,0,0,0,0,0,0,0,0,0,0,0,4,0,0,1,0,0,0,0,0,0,0,0,0,0,6,15,0,0,1,0,0,1,0,0,0,0,0
62,starbucks coffee,buff0007,23.75,230.97,0.02,6700.08,0,21,375,2019305,1510,970,1788,108,21,276,25172,299.29,230,,0,0,0,0,5,4,0,0,9,0,8,0,0,0,0,0,0,0,0,0,0,0,0,1,0,0,4,5,0,0,0,0,0,0,2,49,2,0,0,0,1,0,0,0,0,0,0,0,0,2,0,0
63,starbucks coffee,buff0007,32.35,47.59,0.06,8944.21,0,29,13,264958,21228,379,6660,186,295,2577,4598,9989.26,568,,0,0,0,0,1,0,0,0,0,1,0,21,0,0,0,0,0,0,0,0,0,0,0,1,0,2,2,0,0,0,0,0,0,58,0,10,0,0,0,0,0,0,0,0,0,0,0,0,0,4,0,0
64,starbucks coffee,buff0007,61.42,37.08,0.06,5304.01,0,2,213,247755,1551,295,59,2538,45,44,68,116.59,88,,0,0,0,0,84,0,0,0,0,2,24,1,0,0,0,0,0,0,0,0,0,0,0,1,0,8,16,0,0,0,0,0,0,18,0,31,0,0,0,0,0,0,0,0,0,0,0,0,0,3,0,0
65,starbucks,buff0008,29.31,0,0.07,12270.77,14,40,187,244583,4828,135,10320,139,1960,11936,702,358.48,335,,3,0,0,0,0,0,0,0,0,0,10,0,0,0,0,0,0,0,0,0,0,0,0,0,0,0,0,4,11,12,0,0,0,0,44,0,0,0,0,0,0,0,0,0,0,0,0,0,0,0,0,0
66,starbucks,buff0008,21.91,4497.5,0.17,10915.28,0,158,22,274122,803,8,1500,5148,714,270,5248,13754.09,250,,0,0,0,0,0,5,0,0,2,0,0,1,0,0,0,0,0,0,0,0,0,11,0,0,5,1,0,0,1,0,0,0,0,0,0,0,0,0,6,39,0,0,3,0,0,0,1,0,0,0,0,0
67,starbucks,buff0008,16.52,125.36,0.06,7900.13,0,132,1334,282334,1000,260,960,180,73,253,378,723.43,12,95.1,0,1,0,0,7,0,0,0,0,0,27,9,0,0,0,0,0,0,0,0,3,0,2,3,0,0,0,3,0,0,0,0,1,1,0,2,3,0,0,0,0,0,0,0,0,0,0,0,0,0,0,0
68,starbucks,buff0008,19.35,0,0.01,1632.94,1,2,232,281371,32007,245,397,1242,580,8928,614,1305.66,972,,0,2,0,0,5,0,1,0,0,1,26,2,0,0,0,0,0,0,0,0,2,7,0,4,0,0,2,25,0,0,0,0,5,3,0,4,6,0,0,0,0,0,0,0,0,0,1,0,0,0,0,0
69,starbucks,buff0008,21.22,108.41,0.06,8880,0,1,192,1783008,6618,100,270,6066,22,31,222,414.78,5736,,0,0,0,0,78,1,0,0,3,0,3,0,0,0,0,1,0,0,0,0,0,11,0,0,1,0,0,2,5,0,0,4,5,0,26,0,0,0,0,31,0,0,1,0,0,0,0,0,0,0,0,0
70,starbucks,buff0008,,521.44,0.01,7308.41,1,1,43,3184,447,86,93,6282,2000,191,606,1070.51,864,,0,0,0,0,31,0,0,0,13,0,4,0,0,0,0,0,0,0,0,0,0,1,0,0,0,0,0,0,0,0,0,0,0,64,0,0,0,0,0,0,0,0,2,0,0,0,0,0,0,8,0,0
71,starbucks,buff0008,24.68,3.97,0.32,25309.88,0,14,20,271236,31844,1515,216,3582,1820,263,236,419.2,4488,28.57,0,0,1,0,0,1,0,12,1,0,6,0,0,0,0,0,0,0,0,0,0,0,0,0,1,0,0,0,1,0,0,0,10,0,0,2,0,0,0,2,0,0,0,0,0,0,2,0,0,0,0,0
72,starbucks,buff0008,21.2,0,0.01,15187.62,0,13,76,9673,4227,22,86,172,1395,815,456,22155.35,369,,0,0,0,0,1,7,0,0,1,0,28,0,0,0,0,0,0,0,0,0,0,0,0,0,0,0,0,0,1,2,0,0,2,0,0,0,0,0,0,3,0,0,0,0,0,0,0,0,0,1,0,0
73,starbucks,buff0008,28.32,1.32,0,18987.7,6,37,132,107821,1672,2370,15510,134,1630,50,603,380.92,327,,0,7,0,0,13,0,0,0,0,0,16,14,0,0,0,0,0,0,0,0,2,0,0,1,0,0,0,22,0,0,0,0,1,8,0,2,3,0,0,0,0,0,0,0,0,0,0,0,0,0,0,0
74,starbucks,buff0008,75.16,50.15,0.03,15600.99,0,155,119,2150891,19097,900,142,216,60,1523,744,747.46,62,83.33,1,0,0,0,11,0,0,0,0,0,6,0,0,0,0,0,0,0,0,0,0,0,0,0,0,0,0,25,3,0,0,0,0,92,14,0,0,0,0,0,0,0,0,0,0,0,0,0,0,0,0,0
75,starbucks coffee,buff0009,33.88,169.55,0.01,18859.34,0,42,304,56957,9319,2245,468,483,64,270,84,9450.23,1668,,0,0,0,0,0,0,0,0,0,0,15,0,0,0,0,0,0,0,0,0,0,0,0,0,0,0,0,0,1,0,0,0,0,129,1,0,0,0,0,14,0,0,0,0,0,0,0,0,0,1,0,0
76,starbucks coffee,buff0009,31.04,1111.45,0.03,25277.69,0,24,342,196724,1096,345,138,272,200,3286,738,89.74,5232,,0,17,0,0,0,0,0,0,0,0,0,4,0,0,0,0,0,0,0,0,0,6,0,0,0,0,0,29,0,0,0,0,0,35,0,0,75,0,0,0,0,22,0,0,0,0,0,0,0,2,0,0
77,starbucks coffee,buff0009,17.5,927.83,0.01,11503.23,10,4,1,381988,8386,1619,265,79,31,75,920,1866.23,3348,,0,0,0,0,1667,0,0,0,7,0,0,0,0,0,0,0,0,0,0,0,0,0,0,0,0,0,0,0,26,0,0,0,0,0,0,0,0,0,0,34,0,0,0,0,0,0,0,0,0,1,0,0
78,starbucks coffee,buff0009,,0,0.3,22086.83,4,17,65,284337,3157,20,1096,179,2195,17,2,266.38,2244,,0,0,0,0,1,3,0,0,15,0,2,0,0,0,0,0,0,0,0,0,0,0,0,0,0,0,0,0,1,1,0,0,0,42,5,0,0,0,0,0,0,0,0,2,0,0,0,0,0,6,0,0
79,starbucks coffee,buff0009,,385.03,0,1992.24,1,140,7,68204,1481,680,1800,107,102,4640,12276,4189.61,80,,0,0,0,0,7,0,0,0,0,1,0,8,0,0,0,0,0,0,0,0,0,0,0,3,0,9,2,0,0,0,0,0,0,6,0,4,0,0,0,0,0,0,0,0,0,0,0,0,0,11,0,0
80,starbucks coffee,buff0009,16.13,556.08,0.12,20199.49,0,370,278,260580,31715,17,121,416,129,49,682,390.69,1380,54.24,0,0,0,0,48,0,0,0,0,0,0,0,0,0,0,0,0,0,0,0,0,3,0,0,0,1,0,17,0,0,0,1,0,0,0,0,3,0,27,0,25,2,0,0,0,0,0,0,0,2,0,0
81,starbucks coffee,buff0009,32.82,0,0,10624.81,0,1,30,27342,818,1444,1380,3337,446,5469,424,406.69,153,27,0,0,2,0,0,0,0,0,0,0,12,12,0,0,0,0,0,0,0,0,0,0,2,9,6,3,0,40,2,0,0,0,4,2,11,5,0,0,0,11,0,0,0,0,0,0,0,0,0,0,0,0
82,starbucks coffee,buff0009,30,0,0.03,15946.89,1,31,698,26090,1631,340,7650,140,1440,1825,732,410.18,74,,0,0,1,0,8,3,0,0,10,0,0,37,0,0,0,0,0,0,0,0,0,0,0,0,17,0,0,0,1,0,0,0,0,0,0,0,0,0,0,1,0,0,1,0,1,0,0,0,0,0,0,0
83,starbucks coffee,buff0009,57.19,231.84,0.07,11621.54,0,18,373,242947,3252,57,380,90,235,210,3782,1113.64,2463,,3,1,0,0,0,0,0,0,0,0,0,16,0,0,0,0,0,0,0,0,0,1,0,0,0,0,2,0,0,0,0,0,0,0,18,99,3,0,1,0,1,1,0,0,0,0,0,0,3,0,0,0
84,starbucks coffee,buff0010,25.14,371.23,0.24,17134.17,0,183,190,111171,3220,2040,13620,2646,311,6208,834,1533.23,876,,0,13,0,0,0,0,1,1,0,1,7,1,0,0,0,0,0,0,0,0,2,2,0,17,4,0,9,3,0,0,0,0,4,1,0,8,8,0,0,0,0,0,0,0,0,0,0,0,5,0,0,0
85,starbucks coffee,buff0010,,3368.45,0,9552.6,0,24,914,27902,1617,169,568,384,610,1504,312,3253.75,5640,16,0,0,0,0,193,0,0,0,1,0,0,0,0,0,0,0,0,0,0,0,0,3,0,0,0,2,0,1,0,0,0,4,0,0,0,0,1,0,30,0,8,1,0,0,3,0,0,0,0,1,0,0
86,starbucks coffee,buff0010,23.75,627.41,0.01,19694.48,0,1,41,33482,31459,106,14160,646,1835,413,146,15474.68,201,,0,5,0,0,6,1,0,0,0,0,4,7,0,0,0,0,0,0,0,0,1,0,0,1,0,0,0,1,0,0,0,0,1,8,0,3,2,0,0,0,0,0,0,0,0,0,0,0,0,0,0,0
87,starbucks coffee,buff0010,29.05,2.64,0.03,2308.42,0,9,21,135459,151,303,193,296,218,500,240,9835.35,379,38.63,0,14,0,0,0,0,1,0,5,0,0,6,0,0,0,0,0,0,0,0,1,8,0,0,5,0,0,3,0,0,0,2,0,33,0,0,1,0,0,0,0,0,0,0,0,0,0,0,1,2,0,0
88,starbucks coffee,buff0010,27.93,2.64,0.06,4095.94,0,27,1416,26551,4743,303,38,305,460,83,29636,4851.1,270,,0,8,0,0,0,0,3,0,0,0,0,0,0,0,0,0,0,0,0,0,0,0,0,0,0,2,0,30,0,0,0,0,0,0,2,0,0,0,0,0,0,0,0,0,0,0,0,0,19,0,0,0
89,starbucks coffee,buff0010,,1058.28,0.01,7794.76,0,70,2,120997,1389,2425,332,7002,1115,14528,762,752.47,3264,,0,0,0,0,2,1,0,0,21,0,3,0,0,0,0,0,0,0,0,0,0,0,0,4,0,0,2,9,0,21,0,0,0,0,1,7,2,0,0,0,7,0,0,1,0,0,0,0,0,2,0,0
90,starbucks coffee,buff0010,,936.39,0.08,17630.42,0,39,107,2183596,1548,1025,269,357,158,166,204,479.48,472,,0,0,0,0,0,0,0,0,0,0,11,0,0,0,0,0,0,0,0,0,0,0,0,0,0,0,0,141,12,0,0,0,0,0,60,0,0,0,0,0,0,0,0,0,0,0,0,0,0,0,0,0
91,starbucks coffee,buff0010,,321.65,0.01,22938.96,0,14,737,66809,1088,275,416,248,142,383,595,14420.78,3456,,0,2,0,0,0,0,1,0,19,0,0,22,0,0,0,0,0,0,0,0,0,6,0,0,0,0,0,42,0,0,0,1,0,4,0,0,1,0,0,0,0,0,0,0,0,0,0,0,4,1,0,0
92,starbucks,buff0011,13.31,1862.37,0.02,3623.02,0,44,106,254805,16628,203,8640,56,42,396,250,25244.03,136,,0,0,0,0,3,0,0,0,0,0,1,0,0,0,0,0,0,0,1,0,0,0,0,0,0,0,0,0,14,0,0,0,0,32,30,0,4,0,0,8,0,8,0,0,0,0,0,0,0,6,0,0
93,starbucks,buff0011,380.74,1725.69,0.37,14315.94,0,37,67,265441,732,94,440,27,290,405,644,1064.34,363,,0,1,2,0,0,0,0,0,0,0,0,0,0,0,0,0,0,0,0,0,0,0,0,5,5,0,0,0,0,10,0,0,0,1,0,0,46,0,11,0,0,1,0,0,0,0,0,0,0,0,0,0
94,starbucks,buff0011,16.52,125.36,0.06,7900.13,0,132,1334,282334,1000,260,960,180,73,253,378,723.43,12,95.1,0,1,0,0,7,0,0,0,0,0,27,9,0,0,0,0,0,0,0,0,3,0,2,3,0,0,0,3,0,0,0,0,1,1,0,2,3,0,0,0,0,0,0,0,0,0,0,0,0,0,0,0
95,starbucks,buff0011,24.78,1410.92,0.07,8672.37,0,19,1180,1139940,464,451,122,178,212,15,26536,892.48,365,,0,0,0,0,0,0,0,0,1,0,47,0,0,0,0,0,0,0,0,0,0,0,0,0,0,3,0,24,0,0,0,2,0,0,8,3,21,0,0,0,14,0,0,0,0,0,0,0,9,0,0,0
96,starbucks,buff0011,,1476.48,0,19422.7,4,40,288,54967,17463,1480,14070,255,257,11968,1870,969.88,3048,80,0,4,0,0,0,0,0,0,0,0,0,1,0,0,0,0,0,0,0,0,0,1,0,0,0,0,0,0,0,0,0,0,0,5,0,0,8,0,0,0,0,12,0,0,0,0,0,0,0,1,0,0
97,starbucks,buff0011,42.35,3637.25,0,22271.64,5,0,466,109228,38477,950,2640,766,720,8992,116,2686.95,190,693.94,0,12,0,0,0,0,1,0,0,0,0,0,0,0,0,0,0,0,0,0,0,0,0,1,3,5,0,1,0,3,0,0,0,6,0,2,2,0,8,0,0,9,1,0,0,0,0,0,0,0,0,0
98,starbucks,buff0011,19.18,0,0.05,10126.79,0,10,310,159420,4985,1740,299,355,329,105,636,3210.63,1884,,2,0,0,0,23,0,0,0,0,0,4,0,0,0,0,0,0,0,0,0,0,0,0,0,0,0,0,3,34,0,0,0,0,65,1,0,0,0,0,0,0,0,0,0,0,0,0,0,0,0,0,0
99,starbucks,buff0011,,1149.05,0.02,11935.2,35,105,47,30235,1627,1335,8010,156,120,280,402,393.77,646,,0,5,0,0,26,0,0,0,1,0,2,31,0,0,0,0,0,0,0,0,0,0,1,3,0,6,0,2,0,0,0,1,0,8,0,7,15,0,17,0,0,0,0,0,0,0,0,0,0,0,0,0
100,starbucks,buff0011,,0,0.13,21825.8,0,24,778,298998,4629,417,1650,2322,115,9376,50,1217.14,248,40,0,0,1,0,0,9,0,5,5,0,40,0,0,0,0,0,0,0,0,0,0,0,0,0,1,0,0,0,2,0,1,0,0,0,0,1,0,0,0,3,0,0,0,0,0,0,3,0,0,0,0,0
101,starbucks,buff0012,20.85,177.35,0.11,25282.84,0,0,374,1035057,3407,1720,2310,8622,13,41,1272,4761.08,66,,1,0,0,0,0,0,0,0,0,1,30,0,0,0,0,0,0,0,0,0,0,0,0,2,5,0,0,0,0,0,0,0,0,0,0,0,2,0,0,0,0,0,0,7,0,0,0,0,0,0,0,0
102,starbucks,buff0012,21.56,0,0.1,10023.81,0,203,153,132950,8531,82,450,130,280,30,9114,1585.61,172,,0,0,0,0,0,11,0,0,0,0,4,0,0,0,0,0,0,0,0,0,0,0,0,0,0,0,0,0,4,0,0,0,0,11,1,0,0,0,0,4,0,0,0,3,0,0,0,0,1,0,0,0
103,starbucks,buff0012,25.89,5.27,0.01,14510.05,0,25,20,35048,901,290,3450,124,667,1248,712,804.68,177,56.47,0,0,0,0,1,0,0,0,0,1,6,0,0,0,0,0,0,0,0,0,0,0,1,8,0,4,0,0,4,2,0,0,0,0,0,0,0,0,0,28,1,0,0,0,0,0,0,0,0,2,0,0
104,starbucks,buff0012,16.67,557.63,0,17746.34,0,110,10,2088473,3436,210,6660,6894,390,15360,596,285.17,94,,0,0,0,0,46,1,2,0,0,0,1,0,0,0,0,0,0,0,0,0,0,1,0,0,0,0,2,0,0,0,1,0,0,0,0,0,0,0,0,0,0,0,0,0,0,0,6,0,0,7,0,0
105,starbucks,buff0012,25.51,0,0.35,25372.54,5,56,286,217736,17802,212,5190,166,305,334,70,5904.11,258,,0,0,0,0,0,0,0,0,0,0,1,2,0,0,0,0,0,0,0,0,0,0,0,0,0,2,0,0,1,0,0,0,0,0,0,0,0,0,2,10,13,1,0,0,0,0,1,0,0,0,0,0
106,starbucks,buff0012,51.66,0,0.38,21425.41,0,10,1066,55781,4294,28,191,6282,1150,8128,640,15434.83,202,,0,21,0,0,0,11,0,0,6,0,1,3,0,0,0,0,0,0,0,0,1,1,0,5,0,0,6,0,0,0,0,3,0,0,0,0,1,0,0,6,0,0,0,0,0,0,0,0,29,0,0,0
107,starbucks,buff0012,13.33,58.15,0.11,6267.33,9,0,383,63071,4617,540,358,612,77,13408,30938,269.3,330,,0,0,0,0,1,1,0,0,7,0,1,4,0,0,0,0,0,0,0,0,0,0,0,0,0,0,0,0,0,3,1,1,0,0,0,0,0,0,6,0,14,0,0,1,0,0,0,0,0,0,0,0
108,starbucks,buff0012,34.5,2975.7,0,7349.08,0,14,47,54860,28689,230,92,8820,2020,98,5146,27149.99,379,,0,1,0,0,0,0,0,0,2,0,0,2,1,0,0,1,0,0,0,0,0,0,0,0,0,0,0,0,0,0,0,0,0,1,0,43,61,0,0,0,0,0,0,0,0,0,1,0,1,0,0,0
109,starbucks,buff0012,32.17,522.45,0.05,16251.2,0,3,100,69172,5397,2,17,7524,120,12256,806,1022.38,4164,,3,0,0,0,0,0,0,0,0,0,0,0,0,0,0,0,0,0,0,0,0,0,0,0,0,1,0,2,7,0,0,0,0,0,271,0,0,0,0,0,0,0,0,0,0,0,0,0,0,0,0,0
110,starbucks,buff0012,24.49,0,0.01,11483.21,0,5,29,69480,4005,825,9510,434,404,15040,32,854.42,660,,0,0,0,0,1,3,0,0,2,0,40,0,0,0,0,0,0,0,0,0,0,1,0,0,7,0,2,0,0,0,0,14,0,0,14,0,0,0,0,41,0,0,1,0,1,0,0,0,0,0,0,0
111,starbucks coffee,buff0013,21.59,3153.39,0.52,11991.37,43,7,7,143613,1536,165,344,1674,83,1600,804,561.53,96,55.3,0,0,0,0,1,46,0,0,0,0,3,0,0,0,0,0,0,0,0,0,0,0,0,0,0,0,0,0,1,0,0,1,0,21,1,0,0,0,0,6,0,0,0,3,0,0,0,0,0,0,0,0
112,starbucks coffee,buff0013,43.75,151.67,0.24,12459.39,0,29,4,885025,3532,18,13950,7812,325,614,564,979.13,3588,,1,6,3,0,0,0,0,0,0,0,3,1,0,0,0,0,0,0,0,0,0,0,0,2,1,16,12,21,0,32,0,0,0,3,0,1,3,0,0,0,0,3,0,0,1,0,0,0,3,0,0,0
113,starbucks coffee,buff0013,,0,0.02,7842.89,10,95,954,2216320,4861,2440,121,172,1565,185,436,17572.25,102,20,3,0,0,0,0,0,0,0,0,0,18,0,0,0,0,0,0,0,0,0,0,0,0,0,0,0,0,17,16,0,0,0,0,0,1,0,0,0,0,0,0,0,0,0,0,0,0,0,0,0,0,0
114,starbucks coffee,buff0013,14,0,0.03,17553.55,0,189,211,13474,20078,194,248,272,1175,66,2016,12209.77,3960,,0,0,0,0,11,0,0,0,0,0,4,0,0,0,0,0,0,0,0,0,0,0,0,0,0,0,2,0,0,0,0,0,0,0,0,0,0,0,0,0,7,0,0,0,0,0,1,0,0,1,0,0
115,starbucks coffee,buff0013,24,0,0.01,6980.64,0,98,84,54639,4720,405,7350,210,304,304,9176,762.53,158,,1,26,0,0,0,0,1,1,0,0,0,15,0,0,0,1,0,0,0,0,1,0,3,15,1,2,2,8,0,0,0,0,0,0,16,4,7,0,1,0,1,0,0,0,2,0,0,0,2,0,0,0
116,starbucks coffee,buff0013,26.19,478.91,0.02,8567.14,0,16,1165,2175729,26342,1790,3390,363,331,3104,6324,9992.96,600,,0,0,3,0,0,0,0,0,1,0,0,0,0,0,0,0,0,0,0,0,0,1,0,0,7,0,0,0,35,11,0,0,0,2,0,0,0,0,26,8,0,0,2,0,0,0,0,0,0,0,0,0
117,starbucks coffee,buff0013,,34.34,0.04,3516.61,0,202,180,17335,275,115,630,3857,127,393,10292,71.47,196,,0,3,0,0,4,2,0,3,24,0,9,6,0,0,0,0,0,0,0,0,0,0,0,8,0,8,0,0,1,0,1,3,0,36,0,0,1,0,0,1,0,0,0,0,0,0,0,0,0,0,0,0
118,starbucks coffee,buff0013,18.45,569.88,0.01,7089.85,0,46,35,33824,3726,1735,502,2196,63,5925,6014,1447.69,280,,0,0,0,0,82,1,0,0,3,1,14,32,0,0,0,0,0,0,0,0,0,0,0,0,0,0,0,0,0,2,1,0,0,13,0,0,0,0,2,0,13,0,1,1,0,0,0,0,0,0,0,0
119,starbucks coffee,buff0013,33.33,19.8,0,19398.6,0,60,514,160545,8150,89,4020,274,378,14752,24118,678.14,342,108.7,0,0,0,0,0,0,0,0,0,0,1,2,0,0,0,0,0,0,0,0,0,0,0,0,0,1,0,0,1,0,0,0,0,0,0,0,0,0,1,9,40,9,0,0,0,0,1,0,0,0,0,0
120,starbucks coffee,buff0013,15.64,263.06,0.05,6549.76,0,49,87,37350,434,70,120,248,248,209,290,35089.55,3089,,0,0,0,0,3,0,0,0,0,2,34,0,0,0,0,0,0,0,0,0,0,0,0,11,0,0,0,0,23,7,0,0,0,0,0,0,0,0,0,4,1,0,0,0,0,0,0,0,0,1,0,0
121,starbucks coffee,buff0013,16.45,7.92,0.16,3672.18,0,12,41,15912,3505,158,12000,1098,1550,12512,16182,7230.54,140,,0,0,0,0,76,1,0,0,0,0,4,0,0,0,0,0,0,0,0,0,0,0,0,0,0,0,6,0,0,0,1,0,0,0,0,0,0,0,0,0,7,0,0,0,0,0,1,0,0,1,0,0
122,tata starbucks coffee,buff0014,,307.45,0.05,19153.98,0,110,552,186447,793,125,5485,168,154,14464,384,37769.9,191,83.38,2,12,0,0,0,0,0,0,0,0,0,2,0,0,0,0,0,0,0,0,1,0,1,1,0,1,4,30,0,0,0,0,0,0,2,13,22,0,6,0,42,0,0,0,0,0,0,0,1,0,0,0
123,tata starbucks coffee,buff0014,48.39,270.93,0.21,18968.97,0,1,131,39056,15613,670,1890,314,2090,203,374,6143.07,6948,,0,0,0,0,2184,0,0,0,1,1,1,0,0,0,0,0,0,0,0,0,0,1,0,0,0,3,0,0,0,0,0,0,0,19,0,0,0,0,0,0,0,0,1,0,0,0,0,0,0,1,0,0
124,tata starbucks coffee,buff0014,9.46,194.74,0,8001.35,0,3,283,239920,734,2125,1380,6930,46,378,748,10662.38,2139,,0,0,0,0,0,0,0,1,0,0,0,1,0,0,0,0,0,0,0,0,1,0,1,0,0,17,2,12,0,0,0,3,0,0,1,8,20,0,8,0,2,2,0,0,1,0,0,0,16,0,0,0
125,tata starbucks coffee,buff0014,13.74,0,0.15,1945.85,0,32,950,1764683,678,97,14850,402,850,2235,23932,3076.41,3720,75.91,0,0,0,0,3,1,0,0,0,0,4,0,0,0,0,0,0,0,0,0,0,0,0,0,0,0,0,0,4,0,0,0,0,3,12,0,0,0,0,0,0,0,0,0,0,0,0,0,0,0,0,0
126,tata starbucks coffee,buff0014,,1527.59,0.12,19405.57,3,17,204,771497,29224,64,52,114,211,98,8928,10269.37,303,,0,0,0,0,2,14,0,0,2,0,3,2,0,0,0,0,0,0,0,0,0,0,0,0,0,7,0,4,2,3,0,1,4,13,0,0,0,0,0,1,0,0,0,0,0,0,0,0,0,0,0,0
127,tata starbucks coffee,buff0014,,0,0.13,13197.52,0,0,168,651279,693,535,434,2808,252,12704,24676,913.44,112,,2,1,2,0,0,0,0,0,0,0,15,1,0,0,0,0,0,0,0,0,0,0,0,2,0,1,2,5,0,18,0,0,1,15,0,40,0,0,0,0,0,1,0,0,1,0,0,0,3,0,0,1
128,tata starbucks coffee,buff0014,21.85,68.8,0.03,12518.88,0,57,1106,402571,872,1289,4020,341,306,193,496,34362.68,124,60,0,0,0,0,0,1,0,0,4,0,1,2,0,0,0,0,0,0,0,0,0,0,5,0,0,0,0,0,0,0,0,5,0,2,0,0,0,0,2,0,10,0,0,0,0,0,0,0,0,0,0,0
129,tata starbucks coffee,buff0014,31.61,0,0.08,4107.96,0,0,1483,31727,4727,285,201,1134,166,1017,464,497.96,270,,0,0,0,0,0,0,0,0,0,0,1,1,0,0,0,0,0,0,0,0,0,0,0,0,0,3,0,0,1,0,0,0,0,0,0,0,0,0,1,4,44,13,0,0,0,0,2,0,0,0,0,0
130,tata starbucks coffee,buff0014,,1843.73,0.03,21730.14,0,131,83,292139,4794,413,2190,74,82,3008,1120,23524.92,82,,0,0,0,0,3,0,0,0,0,1,4,0,0,0,0,2,0,0,0,0,0,0,0,0,0,0,0,0,0,0,0,3,1,2,0,0,0,0,0,0,0,1,0,0,0,0,0,0,0,4,0,0
131,tata starbucks coffee,buff0014,,0,0.02,7674.14,0,43,515,27310,21250,145,120,210,169,128,82,11542.61,259,,0,0,0,0,338,0,0,0,5,0,14,0,0,0,0,0,0,0,0,0,0,1,0,0,12,0,0,27,0,0,0,3,0,0,29,0,0,0,0,0,0,0,0,0,3,0,0,0,0,0,0,0
132,starbucks coffee,buff0015,29.31,0,0.07,12270.77,14,40,187,244583,4828,135,10320,139,1960,11936,702,358.48,335,,3,0,0,0,0,0,0,0,0,0,10,0,0,0,0,0,0,0,0,0,0,0,0,0,0,0,0,4,11,12,0,0,0,0,44,0,0,0,0,0,0,0,0,0,0,0,0,0,0,0,0,0
133,starbucks coffee,buff0015,18.49,0,0,23581.27,2,3,1090,149607,2984,1015,315,1494,1475,14976,904,10980.64,3804,,0,8,1,0,98,1,0,0,0,0,1,0,0,0,0,0,0,0,0,0,0,0,0,4,14,0,4,0,0,0,1,0,3,4,0,4,0,0,3,15,0,0,0,0,0,0,0,0,0,0,0,0
134,starbucks coffee,buff0015,,15.8,0,9813.82,6,121,159,1135554,21742,2245,296,8370,386,278,6696,1099.65,25,,0,3,0,0,9,1,0,0,3,0,0,0,0,0,0,1,0,0,0,0,0,0,0,0,0,0,0,0,0,0,0,0,0,37,0,0,0,0,0,0,0,0,2,0,0,0,0,0,0,0,0,0
135,starbucks coffee,buff0015,7.78,72.81,0.16,14825.26,9,1,670,59820,2562,1,4320,52,305,299,189,4094.01,150,,0,1,0,0,0,0,0,0,3,0,0,0,0,0,0,0,0,0,0,0,0,0,0,0,0,0,0,0,13,0,0,0,0,0,0,2,1,0,7,0,2,2,2,0,2,0,0,0,2,0,0,0
136,starbucks coffee,buff0015,16.72,1166,0.08,6657.92,1,153,38,2189893,3749,105,241,83,343,9856,202,1185.75,69,,0,1,0,0,0,0,0,0,0,0,2,3,0,0,0,0,0,0,0,0,0,6,0,0,0,0,0,0,0,0,0,0,0,23,0,0,19,0,5,0,0,1,0,0,0,0,0,0,0,4,0,0
137,starbucks coffee,buff0015,19.35,0,0.01,1632.94,1,2,232,281371,32007,245,397,1242,580,8928,614,1305.66,972,,0,2,0,0,5,0,1,0,0,1,26,2,0,0,0,0,0,0,0,0,2,7,0,4,0,0,2,25,0,0,0,0,5,3,0,4,6,0,0,0,0,0,0,0,0,0,1,0,0,0,0,0
138,starbucks coffee,buff0015,21.2,0,0.01,15187.62,0,13,76,9673,4227,22,86,172,1395,815,456,22155.35,369,,0,0,0,0,1,7,0,0,1,0,28,0,0,0,0,0,0,0,0,0,0,0,0,0,0,0,0,0,1,2,0,0,2,0,0,0,0,0,0,3,0,0,0,0,0,0,0,0,0,1,0,0
139,starbucks coffee,buff0015,75.16,50.15,0.03,15600.99,0,155,119,2150891,19097,900,142,216,60,1523,744,747.46,62,83.33,1,0,0,0,11,0,0,0,0,0,6,0,0,0,0,0,0,0,0,0,0,0,0,0,0,0,0,25,3,0,0,0,0,92,14,0,0,0,0,0,0,0,0,0,0,0,0,0,0,0,0,0
140,starbucks coffee,buff0015,16,3723.32,0.09,17927.65,3,4,11,216765,1241,103,1276,65,610,182,19670,423.53,6,,0,0,0,0,5,1,0,0,6,0,3,0,0,0,0,0,0,0,0,0,0,0,0,0,0,0,0,0,4,2,0,2,1,0,0,0,0,0,0,5,0,0,0,0,0,0,0,0,0,2,0,0
141,starbucks coffee,buff0016,,168.86,0.05,7643.03,0,10,573,15295,6096,451,5139,6642,430,10784,1922,11787.92,620,,3,0,0,0,0,0,0,0,0,0,7,0,0,0,0,0,0,0,0,0,0,0,0,0,0,1,0,24,9,0,0,0,0,0,26,0,0,0,0,0,0,0,0,0,0,0,0,0,0,0,0,0
142,starbucks coffee,buff0016,30.4,0,0.35,21094.05,3,51,18,30686,789,379,11554,7488,25,555,528,237.48,256,,0,0,0,0,319,0,0,0,0,0,7,0,0,0,0,0,0,0,0,0,0,0,0,0,0,0,0,0,12,0,0,0,0,0,0,0,0,0,0,14,17,0,0,0,0,0,0,0,0,2,0,0
143,starbucks coffee,buff0016,23.68,40.91,0,1506.96,5,187,180,68346,3005,68,13860,428,1194,10976,23312,521.92,1728,26.39,0,0,0,0,10,1,0,0,18,0,7,0,0,0,0,1,0,0,0,0,0,2,0,0,1,0,2,4,0,0,0,1,1,0,142,0,0,0,0,62,0,0,1,0,2,0,0,0,0,0,0,0
144,starbucks coffee,buff0016,24.86,553.19,0.04,1311.31,22,68,1250,103279,20560,670,348,108,2850,224,3700,26838.94,218,,1,0,0,0,2,0,0,0,0,0,1,0,0,0,0,0,0,0,0,0,0,0,0,0,0,18,0,1,3,2,0,0,0,3,7,0,0,0,0,0,0,0,0,0,0,0,0,0,0,0,0,0
145,starbucks coffee,buff0016,16.85,282.98,0.3,9454.04,0,7,676,268136,21862,928,3420,428,2040,280,248,357.52,3444,,0,0,0,0,0,0,1,1,0,0,0,1,0,0,0,8,0,0,0,0,1,0,2,10,0,3,4,1,0,0,0,0,0,0,4,4,8,0,3,0,2,0,0,0,1,0,0,0,7,0,0,0
146,starbucks coffee,buff0016,24.44,0,0.03,7401.49,1,1,767,2201863,3980,46,195,413,1370,169,33604,1077.02,5004,39.95,0,0,0,0,9,0,0,0,6,0,1,0,0,0,0,0,0,0,0,0,0,0,0,0,0,0,0,0,3,1,0,0,0,8,80,0,0,0,0,0,0,0,0,0,0,0,0,0,0,1,0,0
147,starbucks coffee,buff0016,48.95,516.58,0.04,7130.27,0,9,61,13481,20760,315,629,8982,111,995,1818,3281.51,240,,1,0,0,0,24,0,0,0,0,0,2,0,0,0,0,0,0,0,0,0,0,0,0,0,0,0,0,16,27,1,0,0,0,0,80,0,0,0,0,0,0,0,0,0,0,0,0,0,0,0,0,0
148,starbucks coffee,buff0016,19.61,0,0.1,14476.44,0,429,235,34443,4364,1735,196,3585,286,9112,15128,90.02,414,,3,27,0,0,0,0,1,1,0,0,0,20,0,0,0,1,0,0,0,0,1,0,1,2,1,1,6,34,0,0,0,0,0,0,1,1,14,0,4,0,15,0,0,0,3,0,0,0,17,0,0,0
149,starbucks coffee,buff0016,49.57,5.29,0.39,16298.49,4,2,458,168985,449,1980,556,194,1970,230,532,406.47,3120,,0,0,0,0,0,0,1,2,0,0,0,3,0,0,0,1,0,0,0,0,1,0,3,4,0,5,2,93,0,0,0,0,0,0,132,7,6,0,6,0,3,0,0,0,1,0,0,0,15,0,0,0
150,starbucks coffee,buff0017,16.14,517.19,0.29,7759.57,0,76,723,657616,22026,226,25,95,625,330,4898,865.05,297,,0,0,0,0,1,0,0,0,0,6,2,0,0,0,0,0,0,0,0,0,0,0,0,3,13,0,0,0,0,0,0,0,0,0,0,0,19,0,0,0,0,0,0,1,0,0,0,0,0,0,0,0
151,starbucks coffee,buff0017,19.37,0,0.05,2655.88,0,0,205,200605,25170,2010,111,26,1130,4832,22382,1005.3,638,,0,0,0,0,0,2,0,0,1,0,1,0,0,0,0,0,0,0,0,0,0,5,0,0,1,0,0,1,22,0,0,1,1,0,0,0,0,0,0,98,0,0,0,0,0,0,0,0,0,0,0,0
152,starbucks coffee,buff0017,12.97,0,0.02,19210.47,0,53,466,69118,1468,362,13830,5904,645,4896,1519,4998.77,6840,62.58,0,0,0,0,97,0,0,0,22,0,2,0,0,0,0,0,0,0,0,0,0,2,0,0,0,1,0,11,0,0,0,1,0,0,16,0,0,0,1,0,0,3,0,0,4,0,0,0,0,1,0,0
153,starbucks coffee,buff0017,16.63,43.68,0.01,13043.27,0,145,277,129251,939,404,12870,630,232,384,2458,29836.41,828,50.74,0,0,0,0,54,0,0,0,0,1,2,10,0,0,0,0,0,0,0,0,0,0,0,3,0,3,8,0,0,0,0,0,0,18,0,15,0,0,0,0,0,0,0,0,0,0,0,0,0,13,0,0
154,starbucks coffee,buff0017,26.26,58.18,0.07,13961.3,2,0,304,54425,2252,86,25,42,145,8928,202,6314,79,,0,0,2,0,0,0,1,1,0,0,0,10,0,0,0,0,0,0,0,0,1,2,0,4,1,1,0,40,0,0,0,3,1,2,0,85,0,0,0,18,0,7,0,0,4,0,2,0,1,0,0,0
155,starbucks coffee,buff0017,18.06,2719.65,0.03,15312.02,1,17,102,7678,3502,256,3,474,260,8160,5518,226.99,409,,0,0,0,0,0,1,0,0,1,0,3,0,0,0,0,0,0,0,0,0,0,5,0,0,9,0,0,1,3,0,0,4,2,0,0,0,0,0,0,7,0,0,0,0,0,0,0,0,0,0,0,0
156,starbucks coffee,buff0017,12.83,50.27,0.09,8947.75,0,1,9,134821,1437,399,88,5112,230,13344,750,445.62,176,,0,36,0,0,0,0,0,0,0,0,0,1,0,0,0,1,0,0,0,0,0,0,0,0,0,1,0,14,0,0,0,0,0,0,5,0,0,0,0,0,0,0,0,1,0,0,0,0,23,0,0,0
157,starbucks coffee,buff0017,13.91,0,0.05,11600.75,0,109,347,215969,917,2385,271,4986,370,734,168,789.12,234,,0,0,1,0,0,0,0,0,0,0,0,1,0,0,0,0,0,0,0,0,0,0,2,10,9,6,0,6,18,0,0,0,2,1,5,2,0,0,0,4,0,0,0,0,0,0,0,0,0,0,0,0
158,starbucks coffee,buff0017,20.23,0,0.1,1376.64,24,164,470,278744,1642,152,3810,3726,172,2368,30070,15746.63,305,11.11,0,0,0,0,0,0,0,0,3,0,0,0,0,0,0,0,0,0,0,0,0,1,0,0,10,0,0,0,1,1,0,0,0,20,0,0,0,0,15,5,0,0,1,0,0,0,0,0,0,0,0,0
159,starbucks,buff0018,25,0,0.01,6602.28,0,19,36,6914,4694,92,1410,329,383,4352,558,14457.75,5124,,0,0,0,0,1,1,0,0,0,0,5,1,0,0,0,0,0,0,0,0,0,0,0,1,0,4,2,0,2,0,0,0,0,0,0,0,0,0,0,0,0,0,0,0,0,0,0,0,0,5,0,0
160,starbucks,buff0018,,46.33,0.12,23105.65,1,12,182,1172175,5028,115,172,290,244,12320,668,35915.35,526,,0,0,0,0,9,0,0,0,0,0,9,1,0,0,0,0,0,0,0,0,0,1,0,0,0,0,2,0,0,0,0,0,0,22,151,5,0,0,0,0,0,0,3,0,0,0,0,0,10,2,0,0
161,starbucks,buff0018,21.25,1192.91,0.05,3707.56,0,4,10,65780,29020,176,332,409,1985,11008,2206,175.27,50,,0,0,0,0,0,0,0,0,1,0,12,1,0,0,0,0,0,0,0,0,0,0,1,0,0,0,0,0,0,0,0,1,5,5,0,5,0,0,6,0,0,0,0,0,0,0,0,0,0,0,0,0
162,starbucks,buff0018,13.33,0,0.02,7986.41,0,5,667,31940,3983,202,615,190,105,3648,4526,532.71,3060,43.14,1,0,0,0,0,0,0,0,0,0,0,6,0,0,0,0,0,0,0,0,0,1,0,0,0,0,9,0,0,0,0,0,0,0,13,5,88,0,6,0,5,1,0,0,0,0,0,0,2,0,0,0
163,starbucks,buff0018,27.04,544.73,0,15074.8,0,6,98,60739,853,1440,5010,510,70,7360,22320,1343.36,107,137.5,0,11,0,0,54,0,0,0,0,0,1,1,0,0,0,0,0,0,0,0,1,0,5,2,0,0,0,6,0,0,0,1,1,22,0,2,7,0,0,0,0,0,0,0,0,0,0,0,0,0,0,0
164,starbucks,buff0018,,39.58,0,5818.14,0,232,83,1152490,3266,295,438,8046,361,419,3782,7227.43,84,,0,0,0,0,1,2,0,0,0,0,10,1,0,0,0,0,0,0,0,0,0,0,0,5,0,21,2,0,0,0,0,0,0,0,0,0,0,0,0,0,0,0,0,0,0,0,0,0,0,1,0,0
165,starbucks,buff0018,32.32,35.77,0.43,17241.37,0,111,647,60003,5027,207,10710,384,44,8352,8060,382.89,300,,0,0,0,0,1,0,0,0,1,0,6,0,0,0,0,0,0,0,0,0,0,4,0,0,5,0,0,3,0,0,0,1,0,0,5,0,0,0,2,0,0,1,0,0,10,0,0,0,0,0,0,0
166,starbucks,buff0018,,1.32,0.26,6915.27,0,10,737,26989,5334,131,360,106,1335,11424,1467,1239.15,74,,0,0,0,0,0,0,1,0,2,0,1,1,0,0,0,0,0,0,0,0,3,4,2,0,0,0,0,0,0,0,0,2,1,4,0,44,0,0,4,0,0,0,0,0,0,0,0,0,0,0,0,0
167,starbucks,buff0018,9.13,5.27,0.01,22254.28,2,12,107,109764,6568,194,115,4302,13,350,1782,20895.33,3144,35.71,0,0,0,0,43,0,1,3,6,0,12,0,0,0,0,0,0,0,0,0,0,1,0,0,0,0,0,0,0,1,0,0,0,0,0,0,0,0,0,0,0,0,0,0,0,0,1,0,0,1,0,0
168,starbucks,buff0019,33.88,169.55,0.01,18859.34,0,42,304,56957,9319,2245,468,483,64,270,84,9450.23,1668,,0,0,0,0,0,0,0,0,0,0,15,0,0,0,0,0,0,0,0,0,0,0,0,0,0,0,0,0,1,0,0,0,0,129,1,0,0,0,0,14,0,0,0,0,0,0,0,0,0,1,0,0
169,starbucks,buff0019,31.04,1111.45,0.03,25277.69,0,24,342,196724,1096,345,138,272,200,3286,738,89.74,5232,,0,17,0,0,0,0,0,0,0,0,0,4,0,0,0,0,0,0,0,0,0,6,0,0,0,0,0,29,0,0,0,0,0,35,0,0,75,0,0,0,0,22,0,0,0,0,0,0,0,2,0,0
170,starbucks,buff0019,17.5,927.83,0.01,11503.23,10,4,1,381988,8386,1619,265,79,31,75,920,1866.23,3348,,0,0,0,0,1667,0,0,0,7,0,0,0,0,0,0,0,0,0,0,0,0,0,0,0,0,0,0,0,26,0,0,0,0,0,0,0,0,0,0,34,0,0,0,0,0,0,0,0,0,1,0,0
171,starbucks,buff0019,,0,0.3,22086.83,4,17,65,284337,3157,20,1096,179,2195,17,2,266.38,2244,,0,0,0,0,1,3,0,0,15,0,2,0,0,0,0,0,0,0,0,0,0,0,0,0,0,0,0,0,1,1,0,0,0,42,5,0,0,0,0,0,0,0,0,2,0,0,0,0,0,6,0,0
172,starbucks,buff0019,,385.03,0,1992.24,1,140,7,68204,1481,680,1800,107,102,4640,12276,4189.61,80,,0,0,0,0,7,0,0,0,0,1,0,8,0,0,0,0,0,0,0,0,0,0,0,3,0,9,2,0,0,0,0,0,0,6,0,4,0,0,0,0,0,0,0,0,0,0,0,0,0,11,0,0
173,starbucks,buff0019,32.82,0,0,10624.81,0,1,30,27342,818,1444,1380,3337,446,5469,424,406.69,153,27,0,0,2,0,0,0,0,0,0,0,12,12,0,0,0,0,0,0,0,0,0,0,2,9,6,3,0,40,2,0,0,0,4,2,11,5,0,0,0,11,0,0,0,0,0,0,0,0,0,0,0,0
174,starbucks,buff0019,30,0,0.03,15946.89,1,31,698,26090,1631,340,7650,140,1440,1825,732,410.18,74,,0,0,1,0,8,3,0,0,10,0,0,37,0,0,0,0,0,0,0,0,0,0,0,0,17,0,0,0,1,0,0,0,0,0,0,0,0,0,0,1,0,0,1,0,1,0,0,0,0,0,0,0
175,starbucks,buff0019,57.19,231.84,0.07,11621.54,0,18,373,242947,3252,57,380,90,235,210,3782,1113.64,2463,,3,1,0,0,0,0,0,0,0,0,0,16,0,0,0,0,0,0,0,0,0,1,0,0,0,0,2,0,0,0,0,0,0,0,18,99,3,0,1,0,1,1,0,0,0,0,0,0,3,0,0,0
176,starbucks at samsung opera house,buff0020,71.11,954.12,0.02,19529.78,1,0,4,29188,777,292,343,165,98,9536,27900,477.6,4116,110.11,0,0,0,0,262,0,0,0,0,0,0,0,0,0,0,0,0,0,0,0,0,1,0,0,0,1,0,39,0,0,0,6,0,0,0,0,5,0,11,0,7,2,0,0,3,0,0,0,0,2,0,0
177,starbucks at samsung opera house,buff0020,16.67,2335.43,0.01,14731.63,1,3,1121,41802,240,341,97,7470,2165,189,1908,35421.36,405,,1,0,0,0,72,0,0,0,0,2,20,0,0,0,0,0,0,0,0,0,0,0,0,1,0,7,0,0,0,2,0,0,6,59,0,0,0,0,0,0,0,0,0,0,0,0,0,0,1,1,0,0
178,starbucks at samsung opera house,buff0020,45.8,194.53,0.04,13274.05,4,9,38,26435,4167,1835,21,250,269,367,567,414.83,115,,0,0,0,0,7,0,0,1,0,0,2,15,0,0,0,0,0,0,0,0,0,0,0,2,10,0,0,2,5,0,0,0,0,20,22,0,0,0,0,31,4,0,0,0,0,0,0,0,4,0,0,0
179,starbucks at samsung opera house,buff0020,24.86,553.19,0.04,1311.31,22,68,1250,103279,20560,670,348,108,2850,224,3700,26838.94,218,,1,0,0,0,2,0,0,0,0,0,1,0,0,0,0,0,0,0,0,0,0,0,0,0,0,18,0,1,3,2,0,0,0,3,7,0,0,0,0,0,0,0,0,0,0,0,0,0,0,0,0,0
180,starbucks at samsung opera house,buff0020,29.96,158.58,0.28,10192.56,0,84,64,263862,21459,351,42,218,402,5184,9894,921.41,103,,0,0,0,0,0,5,0,0,2,0,0,0,0,0,0,0,0,0,0,0,0,0,0,0,8,0,0,0,7,0,0,0,0,1,0,0,0,0,0,4,0,0,2,0,0,0,0,0,0,0,0,0
181,starbucks at samsung opera house,buff0020,24.44,0,0.03,7401.49,1,1,767,2201863,3980,46,195,413,1370,169,33604,1077.02,5004,39.95,0,0,0,0,9,0,0,0,6,0,1,0,0,0,0,0,0,0,0,0,0,0,0,0,0,0,0,0,3,1,0,0,0,8,80,0,0,0,0,0,0,0,0,0,0,0,0,0,0,1,0,0
182,starbucks at samsung opera house,buff0020,42.35,42.28,0.26,13060.37,0,62,140,282110,1380,2000,353,210,45,354,16,12695.58,384,,0,0,0,0,2,0,0,0,0,1,0,1,0,0,0,0,0,0,0,0,0,0,0,0,0,1,8,0,0,0,0,0,0,5,0,90,0,0,0,0,0,0,0,0,0,0,0,0,0,0,0,0
183,starbucks at samsung opera house,buff0020,48.95,516.58,0.04,7130.27,0,9,61,13481,20760,315,629,8982,111,995,1818,3281.51,240,,1,0,0,0,24,0,0,0,0,0,2,0,0,0,0,0,0,0,0,0,0,0,0,0,0,0,0,16,27,1,0,0,0,0,80,0,0,0,0,0,0,0,0,0,0,0,0,0,0,0,0,0
184,starbucks at samsung opera house,buff0020,51.58,0,0.2,4720.04,0,12,610,274412,31445,126,8545,256,505,449,661,22305.79,42,,0,0,0,0,0,0,1,1,0,0,0,2,0,0,0,3,0,0,0,0,2,0,1,6,0,10,4,10,0,0,0,0,0,0,58,33,19,0,4,0,1,27,0,0,2,0,0,0,15,0,0,0
185,starbucks at samsung opera house,buff0020,49.57,5.29,0.39,16298.49,4,2,458,168985,449,1980,556,194,1970,230,532,406.47,3120,,0,0,0,0,0,0,1,2,0,0,0,3,0,0,0,1,0,0,0,0,1,0,3,4,0,5,2,93,0,0,0,0,0,0,132,7,6,0,6,0,3,0,0,0,1,0,0,0,15,0,0,0
186,starbucks coffee,buff0021,71.11,954.12,0.02,19529.78,1,0,4,29188,777,292,343,165,98,9536,27900,477.6,4116,110.11,0,0,0,0,262,0,0,0,0,0,0,0,0,0,0,0,0,0,0,0,0,1,0,0,0,1,0,39,0,0,0,6,0,0,0,0,5,0,11,0,7,2,0,0,3,0,0,0,0,2,0,0
187,starbucks coffee,buff0021,16.67,2335.43,0.01,14731.63,1,3,1121,41802,240,341,97,7470,2165,189,1908,35421.36,405,,1,0,0,0,72,0,0,0,0,2,20,0,0,0,0,0,0,0,0,0,0,0,0,1,0,7,0,0,0,2,0,0,6,59,0,0,0,0,0,0,0,0,0,0,0,0,0,0,1,1,0,0
188,starbucks coffee,buff0021,29.96,158.58,0.28,10192.56,0,84,64,263862,21459,351,42,218,402,5184,9894,921.41,103,,0,0,0,0,0,5,0,0,2,0,0,0,0,0,0,0,0,0,0,0,0,0,0,0,8,0,0,0,7,0,0,0,0,1,0,0,0,0,0,4,0,0,2,0,0,0,0,0,0,0,0,0
189,starbucks coffee,buff0021,24.44,0,0.03,7401.49,1,1,767,2201863,3980,46,195,413,1370,169,33604,1077.02,5004,39.95,0,0,0,0,9,0,0,0,6,0,1,0,0,0,0,0,0,0,0,0,0,0,0,0,0,0,0,0,3,1,0,0,0,8,80,0,0,0,0,0,0,0,0,0,0,0,0,0,0,1,0,0
190,starbucks coffee,buff0021,42.35,42.28,0.26,13060.37,0,62,140,282110,1380,2000,353,210,45,354,16,12695.58,384,,0,0,0,0,2,0,0,0,0,1,0,1,0,0,0,0,0,0,0,0,0,0,0,0,0,1,8,0,0,0,0,0,0,5,0,90,0,0,0,0,0,0,0,0,0,0,0,0,0,0,0,0
191,starbucks coffee,buff0021,48.95,516.58,0.04,7130.27,0,9,61,13481,20760,315,629,8982,111,995,1818,3281.51,240,,1,0,0,0,24,0,0,0,0,0,2,0,0,0,0,0,0,0,0,0,0,0,0,0,0,0,0,16,27,1,0,0,0,0,80,0,0,0,0,0,0,0,0,0,0,0,0,0,0,0,0,0
192,starbucks coffee,buff0021,51.58,0,0.2,4720.04,0,12,610,274412,31445,126,8545,256,505,449,661,22305.79,42,,0,0,0,0,0,0,1,1,0,0,0,2,0,0,0,3,0,0,0,0,2,0,1,6,0,10,4,10,0,0,0,0,0,0,58,33,19,0,4,0,1,27,0,0,2,0,0,0,15,0,0,0
193,starbucks coffee,buff0021,49.57,5.29,0.39,16298.49,4,2,458,168985,449,1980,556,194,1970,230,532,406.47,3120,,0,0,0,0,0,0,1,2,0,0,0,3,0,0,0,1,0,0,0,0,1,0,3,4,0,5,2,93,0,0,0,0,0,0,132,7,6,0,6,0,3,0,0,0,1,0,0,0,15,0,0,0
194,"starbucks coffee cunningham, india",buff0022,9.59,0,0.02,14814.76,0,620,417,64315,20875,204,164,309,1705,241,189,1682.34,305,,0,0,1,0,0,5,0,0,2,0,0,44,0,0,0,0,0,0,0,0,0,14,0,0,1,0,0,0,27,0,0,0,0,0,0,0,0,0,4,18,0,0,3,0,0,0,0,0,0,0,0,0
195,"starbucks coffee cunningham, india",buff0022,24.86,553.19,0.04,1311.31,22,68,1250,103279,20560,670,348,108,2850,224,3700,26838.94,218,,1,0,0,0,2,0,0,0,0,0,1,0,0,0,0,0,0,0,0,0,0,0,0,0,0,18,0,1,3,2,0,0,0,3,7,0,0,0,0,0,0,0,0,0,0,0,0,0,0,0,0,0
196,"starbucks coffee cunningham, india",buff0022,,0,0.29,20281.52,1,111,352,67699,677,155,66,1350,1925,244,74,11156.53,34,,0,0,0,0,1,0,0,0,13,0,1,0,0,0,0,0,0,0,0,0,0,1,0,0,0,0,0,0,0,0,0,0,0,7,0,0,0,0,0,0,0,0,1,0,0,0,0,0,0,1,0,0
197,"starbucks coffee cunningham, india",buff0022,41.68,0,0.16,21973.55,0,6,480,1993164,5125,47,39,349,64,1075,3595,1191.96,363,,1,0,0,0,17,0,0,0,0,0,2,0,0,0,0,0,0,0,0,0,0,0,0,0,0,0,0,0,15,0,0,0,0,9,3,0,0,0,0,0,0,0,0,0,0,0,0,0,0,0,0,0
198,"starbucks coffee cunningham, india",buff0022,27.2,0,0.11,20339.12,2,91,59,1070839,3311,2085,223,169,426,46,418,21956.46,402,,0,0,2,0,185,1,0,0,16,0,31,0,0,0,0,0,0,0,0,0,0,6,0,0,1,0,0,38,16,0,0,3,3,0,0,29,0,0,0,1,0,0,1,0,0,0,0,0,0,0,0,0
199,"starbucks coffee cunningham, india",buff0022,,29.1,0.12,8476.58,0,6,437,1880,3576,2340,2790,263,295,1,2806,2502.93,345,,0,0,2,0,21,5,0,0,1,0,5,0,0,0,0,0,0,0,0,0,0,2,0,0,4,0,0,45,32,0,0,1,13,0,0,17,0,0,0,5,0,0,2,0,0,0,0,0,0,0,0,0
200,"starbucks coffee cunningham, india",buff0022,28.32,1.32,0,18987.7,6,37,132,107821,1672,2370,15510,134,1630,50,603,380.92,327,,0,7,0,0,13,0,0,0,0,0,16,14,0,0,0,0,0,0,0,0,2,0,0,1,0,0,0,22,0,0,0,0,1,8,0,2,3,0,0,0,0,0,0,0,0,0,0,0,0,0,0,0
201,"starbucks coffee cunningham, india",buff0022,50.82,5.29,0.21,21823.74,0,10,78,15964,5194,366,10740,119,1035,415,560,2555.45,2472,,3,0,0,0,6,0,0,0,0,0,1,0,0,0,0,0,0,0,0,0,0,0,0,0,0,0,0,0,1,0,0,0,0,27,24,0,0,0,0,0,0,0,0,0,0,0,0,0,0,0,0,0
202,"starbucks coffee cunningham, india",buff0022,19.61,0,0.1,14476.44,0,429,235,34443,4364,1735,196,3585,286,9112,15128,90.02,414,,3,27,0,0,0,0,1,1,0,0,0,20,0,0,0,1,0,0,0,0,1,0,1,2,1,1,6,34,0,0,0,0,0,0,1,1,14,0,4,0,15,0,0,0,3,0,0,0,17,0,0,0
203,starbucks dollars colony,buff0023,30,986.32,0.07,11585.71,0,72,20,72512,3792,133,12090,284,334,13664,374,529.73,209,,0,5,0,0,0,0,0,0,0,0,0,29,0,0,0,0,0,0,0,0,0,2,0,0,0,0,0,0,0,0,0,0,0,6,0,0,3,0,3,0,0,7,0,0,0,0,0,0,0,1,0,0
204,starbucks dollars colony,buff0023,19,319.97,0.04,19137.21,27,57,163,43385,1434,62,242,327,1,365,1309,7796.61,3192,,18,0,0,0,0,0,0,0,0,0,7,0,0,0,0,0,0,0,0,0,0,0,0,0,0,1,0,97,18,0,0,0,0,0,2,0,0,0,0,0,0,0,0,0,0,0,0,0,0,0,0,0
205,starbucks dollars colony,buff0023,18.45,13.22,0.17,7856.39,0,50,116,395643,20534,1171,6346,662,285,10912,436,487.7,334,,0,0,0,0,0,0,2,8,0,0,0,2,0,0,0,1,0,0,0,0,3,0,2,1,0,3,6,16,0,0,0,0,0,0,78,7,3,0,1,0,8,25,0,0,2,0,0,0,1,0,0,0
206,starbucks dollars colony,buff0023,,1395.73,0.1,7087.13,0,80,438,27742,17475,229,337,33,187,3872,10230,73.9,1368,,3,22,0,0,0,0,0,0,0,0,0,3,0,0,0,0,0,0,0,0,0,6,0,0,0,0,2,0,0,0,0,0,0,0,48,7,1,0,3,0,1,1,0,0,0,0,0,0,3,0,0,0
207,starbucks dollars colony,buff0023,17.93,30.37,0.03,4368.35,1,23,51,326308,618,2270,13470,1962,285,120,11718,22536.16,482,27.18,0,43,0,0,233,0,0,0,2,0,15,3,0,0,0,0,0,0,0,0,0,0,3,2,0,1,0,0,0,0,0,7,0,0,0,20,1,0,28,51,4,5,0,0,0,0,0,0,0,5,0,0
208,starbucks dollars colony,buff0023,33.03,22.48,0,5700.41,15,5,1043,39687,4865,161,266,1458,63,120,962,1066.65,276,40,0,5,0,0,1,0,0,0,1,0,21,0,0,0,0,0,0,0,0,0,0,0,0,0,3,0,0,0,0,0,0,0,0,1,0,0,0,0,2,2,9,4,1,0,0,0,0,0,0,6,0,0
209,starbucks dollars colony,buff0023,19.72,104.63,0.28,15316.64,1,1,376,47704,4087,133,305,290,118,303,285,4831.71,204,,0,0,1,0,65,3,0,0,6,0,11,0,0,0,0,0,0,0,0,0,0,2,0,0,4,0,0,73,24,0,0,4,4,0,0,8,0,0,0,23,0,0,1,0,0,0,0,0,0,0,0,0
210,starbucks dollars colony,buff0023,,337.67,0.47,10880.28,0,2,102,36620,1593,34,1196,26,2,5056,11160,100.68,2448,,0,0,0,0,5,1,0,0,0,0,6,0,0,0,0,0,0,0,0,0,0,0,1,2,20,0,0,0,0,0,0,1,1,24,32,8,0,0,0,2,0,0,0,0,0,0,0,0,0,0,0,0
211,starbucks dollars colony,buff0023,23.85,26.37,0.12,25107.65,0,11,5,181583,19858,2340,334,7596,650,475,21948,2001.57,648,,0,0,0,0,0,0,0,0,0,0,0,1,0,0,0,0,0,0,0,0,0,0,0,0,0,4,0,4,0,0,0,0,0,0,0,0,1,0,1,0,6,2,0,0,0,0,0,0,3,0,0,0
212,starbucks dollars colony,buff0023,,176.89,0.05,11522.92,1,4,559,131026,2664,292,129,45,1215,13056,6262,20000.87,142,,0,1,1,0,5,0,0,0,0,0,8,0,0,0,0,0,0,0,0,0,0,0,0,9,19,0,4,0,0,0,1,0,4,19,0,7,0,0,4,66,0,0,0,0,0,0,0,0,0,0,0,0
213,starbucks - kalyananagar (s152),buff0024,21.79,581.56,0.04,6061.85,0,7,896,53889,3958,274,14430,96,90,2208,335,282.43,2328,,0,23,0,0,19,0,0,0,18,0,2,0,0,0,0,0,0,0,0,0,0,1,0,0,21,0,0,0,0,0,1,0,0,14,0,0,0,0,1,2,5,0,2,0,0,0,0,0,0,1,0,0
214,starbucks - kalyananagar (s152),buff0024,18.05,98.96,0.07,7354.48,0,196,549,834343,1599,1475,97,6876,49,255,23684,12957.44,187,36.36,1,4,0,0,0,0,0,0,0,0,6,0,0,0,0,0,0,0,0,0,0,0,0,0,0,12,0,61,10,0,0,0,0,0,4,0,0,0,0,0,0,0,0,0,0,0,0,0,1,0,0,0
215,starbucks - kalyananagar (s152),buff0024,16.87,1115.61,0.07,16279.53,0,94,180,34617,4932,147,420,182,223,45,442,6569.15,140,,0,0,0,0,0,0,0,0,0,0,0,11,0,0,0,0,0,0,0,0,0,0,0,0,0,0,4,0,0,0,0,0,0,3,0,46,0,0,0,0,0,0,0,0,0,0,1,0,0,0,0,0
216,starbucks - kalyananagar (s152),buff0024,52.5,1409.29,0.15,24135.9,0,10,264,238580,5166,2650,5400,122,108,459,274,609.83,510,,0,7,0,0,3,0,0,0,1,0,3,0,0,0,0,0,0,0,0,0,0,0,0,0,1,0,0,0,0,0,0,0,0,4,0,0,0,0,14,8,3,23,0,0,0,0,0,0,0,13,0,0
217,starbucks - kalyananagar (s152),buff0024,79.25,117.5,0,8146.65,0,120,670,129101,611,145,243,381,1715,176,26908,1145.22,90,,0,17,0,0,2,0,0,0,0,0,8,0,0,0,0,0,0,0,0,0,0,0,0,0,0,0,0,0,19,0,0,0,0,2,2,0,0,0,0,1,0,10,0,0,0,0,0,0,0,2,0,0
218,starbucks - kalyananagar (s152),buff0024,20.82,0,0.23,11843.18,0,8,823,38355,209,445,2730,268,144,125,38626,519.57,2172,,0,15,0,0,12,0,0,0,0,0,1,0,1,0,0,0,0,0,0,0,0,0,0,0,0,0,0,0,2,0,0,0,0,4,14,0,0,0,0,2,0,4,0,0,0,0,0,0,0,4,0,0
219,starbucks - kalyananagar (s152),buff0024,23.62,146.62,0.14,8667.73,0,29,39,2085744,5600,390,6510,4716,52,82,534,137.48,192,,0,0,0,0,4,2,0,0,0,0,20,0,0,0,0,0,0,0,0,0,0,0,0,0,0,0,1,0,0,0,1,0,0,0,0,0,0,0,0,0,0,0,0,0,0,0,1,0,0,1,0,0
220,starbucks - kalyananagar (s152),buff0024,13.04,618.02,0.05,12632.14,0,5,611,196445,5167,244,8040,186,451,992,8184,23220.26,876,,4,0,0,0,0,0,0,0,0,0,0,0,0,0,0,0,0,0,0,0,0,0,0,0,0,14,0,21,5,0,0,0,0,0,29,0,0,0,0,0,0,0,0,0,0,0,0,0,0,0,0,0
221,starbucks - kalyananagar (s152),buff0024,20,6.62,0.06,18707.2,23,53,63,272751,6264,1970,3030,73,250,307,808,904.14,96,,0,4,0,0,2,0,0,0,7,0,2,27,0,0,0,0,0,0,0,0,0,0,1,2,0,19,0,48,0,0,0,3,0,16,0,72,8,0,1,0,0,0,0,0,0,0,0,0,0,0,0,0
222,starbucks - kalyananagar (s152),buff0024,27.43,0,0.06,7306.36,0,21,693,274324,5345,30,263,159,50,107,414,612.43,210,,0,18,1,0,20,0,0,0,0,0,1,0,0,0,0,0,0,0,0,0,0,0,0,0,1,0,2,0,0,0,0,0,2,2,0,0,0,0,1,13,0,0,0,0,0,0,0,0,0,0,0,0
223,starbucks coffee,buff0025,9.59,0,0.02,14814.76,0,620,417,64315,20875,204,164,309,1705,241,189,1682.34,305,,0,0,1,0,0,5,0,0,2,0,0,44,0,0,0,0,0,0,0,0,0,14,0,0,1,0,0,0,27,0,0,0,0,0,0,0,0,0,4,18,0,0,3,0,0,0,0,0,0,0,0,0
224,starbucks coffee,buff0025,24.86,553.19,0.04,1311.31,22,68,1250,103279,20560,670,348,108,2850,224,3700,26838.94,218,,1,0,0,0,2,0,0,0,0,0,1,0,0,0,0,0,0,0,0,0,0,0,0,0,0,18,0,1,3,2,0,0,0,3,7,0,0,0,0,0,0,0,0,0,0,0,0,0,0,0,0,0
225,starbucks coffee,buff0025,,0,0.29,20281.52,1,111,352,67699,677,155,66,1350,1925,244,74,11156.53,34,,0,0,0,0,1,0,0,0,13,0,1,0,0,0,0,0,0,0,0,0,0,1,0,0,0,0,0,0,0,0,0,0,0,7,0,0,0,0,0,0,0,0,1,0,0,0,0,0,0,1,0,0
226,starbucks coffee,buff0025,41.68,0,0.16,21973.55,0,6,480,1993164,5125,47,39,349,64,1075,3595,1191.96,363,,1,0,0,0,17,0,0,0,0,0,2,0,0,0,0,0,0,0,0,0,0,0,0,0,0,0,0,0,15,0,0,0,0,9,3,0,0,0,0,0,0,0,0,0,0,0,0,0,0,0,0,0
227,starbucks coffee,buff0025,,29.1,0.12,8476.58,0,6,437,1880,3576,2340,2790,263,295,1,2806,2502.93,345,,0,0,2,0,21,5,0,0,1,0,5,0,0,0,0,0,0,0,0,0,0,2,0,0,4,0,0,45,32,0,0,1,13,0,0,17,0,0,0,5,0,0,2,0,0,0,0,0,0,0,0,0
228,starbucks coffee,buff0025,24.68,3.97,0.32,25309.88,0,14,20,271236,31844,1515,216,3582,1820,263,236,419.2,4488,28.57,0,0,1,0,0,1,0,12,1,0,6,0,0,0,0,0,0,0,0,0,0,0,0,0,1,0,0,0,1,0,0,0,10,0,0,2,0,0,0,2,0,0,0,0,0,0,2,0,0,0,0,0
229,starbucks coffee,buff0025,28.32,1.32,0,18987.7,6,37,132,107821,1672,2370,15510,134,1630,50,603,380.92,327,,0,7,0,0,13,0,0,0,0,0,16,14,0,0,0,0,0,0,0,0,2,0,0,1,0,0,0,22,0,0,0,0,1,8,0,2,3,0,0,0,0,0,0,0,0,0,0,0,0,0,0,0
230,starbucks coffee,buff0025,21.63,221.27,0.07,20442.36,3,17,0,16577,3321,66,14010,151,305,175,882,73.83,241,,0,0,0,0,1,4,0,0,1,0,16,0,0,0,0,0,0,0,0,0,0,0,0,0,0,0,0,0,10,1,0,0,6,0,0,0,0,0,0,4,0,0,0,0,0,0,0,0,0,2,0,0
231,starbucks coffee,buff0025,50.82,5.29,0.21,21823.74,0,10,78,15964,5194,366,10740,119,1035,415,560,2555.45,2472,,3,0,0,0,6,0,0,0,0,0,1,0,0,0,0,0,0,0,0,0,0,0,0,0,0,0,0,0,1,0,0,0,0,27,24,0,0,0,0,0,0,0,0,0,0,0,0,0,0,0,0,0
232,starbucks - prestige shantiniketan (s071),buff0026,25,0,0.01,6602.28,0,19,36,6914,4694,92,1410,329,383,4352,558,14457.75,5124,,0,0,0,0,1,1,0,0,0,0,5,1,0,0,0,0,0,0,0,0,0,0,0,1,0,4,2,0,2,0,0,0,0,0,0,0,0,0,0,0,0,0,0,0,0,0,0,0,0,5,0,0
233,starbucks - prestige shantiniketan (s071),buff0026,,46.33,0.12,23105.65,1,12,182,1172175,5028,115,172,290,244,12320,668,35915.35,526,,0,0,0,0,9,0,0,0,0,0,9,1,0,0,0,0,0,0,0,0,0,1,0,0,0,0,2,0,0,0,0,0,0,22,151,5,0,0,0,0,0,0,3,0,0,0,0,0,10,2,0,0
234,starbucks - prestige shantiniketan (s071),buff0026,13.33,0,0.02,7986.41,0,5,667,31940,3983,202,615,190,105,3648,4526,532.71,3060,43.14,1,0,0,0,0,0,0,0,0,0,0,6,0,0,0,0,0,0,0,0,0,1,0,0,0,0,9,0,0,0,0,0,0,0,13,5,88,0,6,0,5,1,0,0,0,0,0,0,2,0,0,0
235,starbucks - prestige shantiniketan (s071),buff0026,27.04,544.73,0,15074.8,0,6,98,60739,853,1440,5010,510,70,7360,22320,1343.36,107,137.5,0,11,0,0,54,0,0,0,0,0,1,1,0,0,0,0,0,0,0,0,1,0,5,2,0,0,0,6,0,0,0,1,1,22,0,2,7,0,0,0,0,0,0,0,0,0,0,0,0,0,0,0
236,starbucks - prestige shantiniketan (s071),buff0026,,39.58,0,5818.14,0,232,83,1152490,3266,295,438,8046,361,419,3782,7227.43,84,,0,0,0,0,1,2,0,0,0,0,10,1,0,0,0,0,0,0,0,0,0,0,0,5,0,21,2,0,0,0,0,0,0,0,0,0,0,0,0,0,0,0,0,0,0,0,0,0,0,1,0,0
237,starbucks - prestige shantiniketan (s071),buff0026,25.76,243.75,0.36,534.05,0,202,575,29375,6483,214,520,10,1915,122,748,1626.37,137,,0,0,0,0,0,4,0,0,0,0,2,0,1,0,0,0,0,0,0,0,0,0,0,0,0,0,0,0,32,0,0,0,0,2,0,0,0,0,0,1,0,0,0,3,0,0,0,0,11,0,0,0
238,starbucks - prestige shantiniketan (s071),buff0026,19.59,145.4,0.07,6875.16,2,5,1016,800670,5321,132,17910,444,166,11776,160,22889.39,104,,0,0,0,0,0,0,0,0,5,0,11,3,0,0,0,0,0,0,0,0,0,1,1,0,0,0,0,0,0,0,0,1,1,17,0,4,0,0,8,0,0,0,0,0,0,0,0,0,0,0,0,0
239,starbucks - prestige shantiniketan (s071),buff0026,15,0,0,5364.54,3,20,2,2256549,5040,102,692,3906,334,190,11656,517.21,2263,,3,0,0,0,0,0,0,0,0,0,0,0,0,0,0,0,0,0,0,0,0,0,0,0,0,24,0,4,5,0,0,0,0,0,2,0,0,0,0,0,0,0,0,0,0,0,0,0,0,0,0,0
240,starbucks - prestige shantiniketan (s071),buff0026,10.91,0,0.04,19016.69,2,189,617,102083,3435,45,388,3852,45,13984,15500,370.79,2088,175.91,0,0,0,0,701,0,0,1,1,0,8,0,0,0,0,0,0,0,0,0,0,1,0,0,0,0,0,0,0,2,0,0,0,0,0,0,0,0,0,0,0,0,0,0,0,0,1,0,0,22,0,0
241,starbucks - prestige shantiniketan (s071),buff0026,,1.32,0.26,6915.27,0,10,737,26989,5334,131,360,106,1335,11424,1467,1239.15,74,,0,0,0,0,0,0,1,0,2,0,1,1,0,0,0,0,0,0,0,0,3,4,2,0,0,0,0,0,0,0,0,2,1,4,0,44,0,0,4,0,0,0,0,0,0,0,0,0,0,0,0,0
242,starbucks - prestige shantiniketan (s071),buff0026,9.13,5.27,0.01,22254.28,2,12,107,109764,6568,194,115,4302,13,350,1782,20895.33,3144,35.71,0,0,0,0,43,0,1,3,6,0,12,0,0,0,0,0,0,0,0,0,0,1,0,0,0,0,0,0,0,1,0,0,0,0,0,0,0,0,0,0,0,0,0,0,0,0,1,0,0,1,0,0
243,starbucks coffee,buff0027,,0,0.33,1267.65,0,12,544,30355,21012,211,302,381,66,4768,590,12036.62,2976,,6,49,0,0,0,0,0,0,0,0,0,1,0,0,0,0,0,0,0,0,1,16,6,0,0,31,8,0,0,0,0,0,0,0,1,59,2,0,12,0,1,0,0,0,0,0,0,0,1,0,0,0
244,starbucks coffee,buff0027,,204.47,0.25,6867.72,6,2,38,280142,1231,297,320,361,263,4608,7564,3248,1442,,0,0,0,0,398,0,0,0,1,0,1,0,0,0,0,0,0,0,0,0,0,5,0,0,0,2,0,31,0,0,0,1,0,0,0,0,2,0,7,0,1,4,0,0,1,0,0,0,0,2,0,0
245,starbucks coffee,buff0027,33.44,0,0,17605.4,0,3,20,1096038,853,163,209,35,287,5120,308,610.31,16,,0,0,0,0,131,1,0,0,1,0,14,0,0,0,0,0,0,0,0,0,0,2,0,0,0,0,0,1,0,1,0,0,0,0,0,0,0,0,0,0,0,0,0,0,0,0,1,0,0,4,0,0
246,starbucks coffee,buff0027,27.2,0,0.04,15352.83,0,12,35,34710,3070,984,12930,250,1460,72,500,164.14,2832,62.78,0,8,0,0,0,0,1,9,0,1,0,3,0,0,0,0,0,0,0,0,0,1,0,6,1,0,2,6,0,0,0,0,3,28,0,35,3,0,0,0,0,0,0,0,0,0,1,0,1,0,0,1
247,starbucks coffee,buff0027,,1.32,0.18,14966.21,0,57,148,1102432,564,108,12840,403,181,50,12152,2338.91,1440,95.93,0,0,0,0,45,0,0,0,1,0,1,0,0,0,0,0,0,0,0,0,0,2,0,0,0,1,0,1,0,0,0,1,0,0,26,0,2,0,2,0,0,2,0,0,2,0,0,0,0,3,0,0
248,starbucks coffee,buff0027,37.4,11.91,0.05,20883.35,3,8,71,2254055,5349,610,240,90,397,141,21576,564.31,2628,,0,0,3,0,7,7,0,0,2,0,0,6,0,0,0,0,0,0,0,0,0,0,0,0,15,0,0,0,29,0,0,0,0,0,0,0,0,0,0,3,0,0,1,0,1,0,0,0,0,0,0,0
249,starbucks coffee,buff0027,28.53,2066.3,0.03,5427.52,0,20,639,65544,2178,1935,1890,220,440,201,355,1410.69,3300,,0,3,0,0,8,0,0,0,0,0,30,14,0,0,0,0,0,0,0,0,1,0,0,4,0,0,0,3,0,0,0,0,2,1,0,4,7,0,0,0,0,0,0,0,0,0,0,0,0,0,0,0
250,starbucks coffee,buff0027,,0,0.12,22357.68,0,4,881,58459,1437,41,11340,25,2,9152,9920,222.43,2784,,0,0,0,0,3,0,0,0,2,0,1,0,0,0,0,0,0,0,0,0,0,2,0,0,0,2,0,3,0,0,0,3,0,0,107,0,2,0,1,0,10,11,0,0,2,0,0,0,0,5,0,0
251,starbucks coffee,buff0027,,1087.84,0.22,9132.83,0,42,129,27404,4978,950,209,343,209,768,696,363.07,2532,,0,4,0,0,0,0,0,0,0,0,0,1,0,0,0,0,0,0,0,0,0,8,0,0,0,0,0,0,0,0,0,0,0,10,0,0,20,0,0,0,0,32,0,0,0,0,0,0,0,4,0,0
252,starbucks vega city,buff0028,19.37,0,0.05,2655.88,0,0,205,200605,25170,2010,111,26,1130,4832,22382,1005.3,638,,0,0,0,0,0,2,0,0,1,0,1,0,0,0,0,0,0,0,0,0,0,5,0,0,1,0,0,1,22,0,0,1,1,0,0,0,0,0,0,98,0,0,0,0,0,0,0,0,0,0,0,0
253,starbucks vega city,buff0028,21.28,500.63,0.48,8637.54,0,40,3,57760,4978,224,98,2070,428,338,5456,31600.91,38,,0,0,0,0,1,0,0,0,6,0,1,0,0,0,0,0,0,0,0,0,0,1,0,0,4,0,0,31,0,0,0,4,0,0,5,0,0,0,2,0,0,1,0,0,4,0,0,0,0,0,0,0
254,starbucks vega city,buff0028,20.1,29,0,20532.36,1,35,187,2166408,1344,272,75,121,1270,40,21948,18272.9,71,,0,0,0,0,3,5,0,0,20,1,1,0,0,0,0,0,0,0,0,0,0,0,0,0,0,5,0,11,8,3,0,0,5,4,0,0,0,0,29,3,0,0,0,0,0,0,0,0,0,0,0,0
255,starbucks vega city,buff0028,16.15,37.1,0.26,5254.93,0,222,46,396751,1119,75,334,3492,96,240,19220,22240.09,105,,0,0,0,0,0,21,0,0,35,0,0,0,0,0,0,0,0,0,0,0,0,0,0,0,1,0,0,0,34,0,0,0,0,9,0,0,0,0,0,8,0,0,1,0,0,0,0,0,0,0,0,0
256,starbucks vega city,buff0028,26.26,58.18,0.07,13961.3,2,0,304,54425,2252,86,25,42,145,8928,202,6314,79,,0,0,2,0,0,0,1,1,0,0,0,10,0,0,0,0,0,0,0,0,1,2,0,4,1,1,0,40,0,0,0,3,1,2,0,85,0,0,0,18,0,7,0,0,4,0,2,0,1,0,0,0
257,starbucks vega city,buff0028,64.63,3.95,0,18937.37,0,116,2110,2132425,4777,900,39,278,330,8928,386,209,386,,0,0,0,0,0,1,0,0,3,0,2,3,0,0,0,0,0,0,0,0,0,0,0,0,0,0,0,0,0,0,0,3,0,0,0,0,0,0,14,0,1,0,0,0,0,0,0,0,0,0,0,0
258,starbucks vega city,buff0028,16.84,5.29,0,19787.97,0,66,112,51026,3360,489,3660,5166,665,360,11222,37228.35,165,,0,0,0,0,0,0,0,0,0,0,2,0,0,0,0,0,0,0,0,0,1,3,0,0,0,1,0,19,0,0,0,1,0,0,23,23,2,0,6,0,4,3,0,0,1,0,0,0,5,0,0,0
259,starbucks vega city,buff0028,24.87,0,0.04,3581.63,0,51,769,34202,3721,318,2220,147,2130,111,8618,336.05,331,,0,0,0,0,0,0,0,0,0,0,1,0,0,0,0,0,0,0,0,0,1,1,0,0,0,1,0,63,0,0,0,2,0,0,1,33,1,0,17,0,12,3,0,0,2,0,0,0,3,0,0,0
260,starbucks vega city,buff0028,18.79,216.31,0.01,10249.41,1,93,1,45227,1275,154,177,6534,203,1200,267,646.09,166,40.93,0,0,0,0,2,0,0,0,0,0,1,4,0,0,0,0,0,0,0,0,0,0,0,0,0,0,0,0,0,0,0,0,0,207,1,0,0,0,14,32,0,3,0,0,0,0,0,0,0,13,0,0
261,starbucks coffee,buff0029,26.52,0,0.03,13032.35,0,19,8,273566,2702,1425,4200,6354,106,265,11160,603.7,2544,,0,4,0,0,4,0,0,0,0,0,0,0,0,0,0,0,0,0,0,0,0,0,0,0,0,0,0,0,1,0,0,0,0,1,22,0,0,0,0,19,0,0,0,0,0,0,0,0,0,4,0,0
262,starbucks coffee,buff0029,15.78,13.21,0.45,18482.32,2,121,176,366621,808,237,60,134,39,200,601,36848.92,1608,68.18,0,1,0,0,4,1,0,0,4,0,30,0,0,0,0,0,0,0,0,0,0,0,0,0,0,0,0,0,0,26,0,0,0,9,0,0,0,0,3,0,0,0,1,0,0,0,0,0,0,0,0,0
263,starbucks coffee,buff0029,,0,0.1,10610.71,0,135,297,36206,30819,1415,320,5269,231,191,12338,13517.84,2388,103.01,0,0,0,0,4,1,0,0,17,1,1,0,0,0,0,0,0,0,0,0,0,0,0,0,6,0,0,69,0,0,0,3,0,0,0,0,0,0,0,1,0,0,0,0,0,0,0,0,0,0,0,0
264,starbucks coffee,buff0029,12.83,44.9,0.05,8709.57,0,69,49,4077552,30504,1185,12180,100,280,9088,585,373.42,3504,,4,0,0,0,45,0,0,0,0,0,26,0,0,0,0,0,0,0,0,0,0,0,0,0,0,0,0,3,4,0,0,0,0,1,23,0,0,0,0,0,0,0,0,0,0,0,0,0,0,1,0,0
265,starbucks coffee,buff0029,18.14,6.6,0,11723.37,6,58,25,54643,757,210,27,2808,288,70,754,34.28,310,,0,0,0,0,5,0,0,19,0,0,65,5,0,0,0,0,0,0,0,0,0,0,0,5,1,0,4,4,3,0,0,0,1,52,4,0,0,0,0,4,4,0,0,0,0,0,0,0,2,0,0,0
266,starbucks coffee,buff0029,,0,0.01,8901.33,0,23,11,1145724,1628,95,5400,25,80,170,612,19168.01,13,54.35,3,0,0,0,0,0,0,0,0,0,34,0,0,0,0,0,0,0,0,0,0,0,0,2,1,0,0,0,0,0,0,0,0,26,0,0,1,0,0,0,0,0,0,0,0,0,0,0,0,0,0,0
267,starbucks coffee,buff0029,15,17.15,0.13,12959.37,0,17,745,122401,3749,1760,3660,9,94,3040,511,3278.97,427,,0,19,0,0,0,0,0,0,0,0,0,1,0,0,0,0,0,0,0,0,2,0,4,1,0,14,14,1,0,0,0,0,0,0,17,51,4,0,1,0,21,0,0,0,0,0,0,0,2,0,0,0
268,starbucks coffee,buff0029,,0,0.26,15400.07,0,46,123,1953233,1836,416,8850,7866,2425,352,252,9517.95,5364,,0,7,0,0,0,0,0,3,1,0,10,0,0,0,0,0,0,0,0,0,0,0,0,0,6,0,0,0,0,0,1,0,2,0,0,0,0,0,0,21,1,0,0,0,0,0,1,0,0,0,0,0
269,starbucks coffee,buff0029,,2959.54,0.13,13223.75,0,14,1173,1723,15697,0,2601,202,21,10624,392,577.28,1872,,0,9,0,0,0,0,1,0,0,0,0,0,0,0,0,0,0,0,0,0,0,0,2,1,4,1,0,2,0,15,0,0,1,8,0,64,0,0,1,0,0,0,0,0,0,0,0,0,0,0,0,0
270,starbucks coffee,buff0029,21.29,106.96,0.01,26646.62,0,252,326,16234,30549,1395,50,22,314,154,5766,506.65,83,,0,5,0,0,190,1,0,0,18,0,2,0,0,0,0,0,0,0,0,0,0,0,0,0,0,0,0,0,0,0,0,0,0,23,0,0,0,0,5,0,0,0,2,0,0,0,0,0,0,0,0,0
271,starbucks,buff0030,,382.81,0.02,27615.43,5,0,731,54856,692,785,75,695,650,257,3285,370.47,276,37.5,0,0,1,0,5,3,0,0,19,0,0,2,0,0,0,0,0,0,0,0,0,0,0,0,2,0,0,0,11,0,0,0,0,0,0,0,0,0,0,6,0,0,1,0,0,0,0,0,0,0,0,0
272,starbucks,buff0030,,543.54,0.02,1731.21,0,139,612,1869887,798,365,135,526,129,7840,2124,1698.44,1452,,0,1,0,0,0,1,0,0,5,0,0,0,0,0,0,0,0,0,0,0,1,5,0,3,2,0,5,0,0,0,0,1,0,83,0,0,7,0,0,11,0,0,0,0,0,0,0,0,0,0,0,0
273,starbucks,buff0030,33.26,9.26,0.03,24962.75,0,136,969,132709,29255,87,4950,169,13,440,386,4749.47,1632,,0,0,0,0,12,0,0,0,4,1,18,0,0,0,0,0,0,0,0,0,0,0,0,0,0,4,0,0,3,1,0,0,2,24,0,0,0,0,0,0,0,0,0,0,0,0,2,0,0,0,0,0
274,starbucks,buff0030,,294.09,0.11,9547.03,0,0,118,160182,23978,153,9900,99,69,2464,17174,580.13,218,,0,0,0,0,229,0,0,0,1,1,2,0,0,0,0,1,0,0,0,0,0,0,0,0,0,1,0,0,7,1,0,0,6,32,0,0,0,0,1,0,0,0,0,0,0,0,1,0,0,0,0,0
275,starbucks,buff0030,,0,0,8041.73,13,6,22,263977,216,114,30,6660,175,264,882,316.6,414,,3,0,0,0,0,0,0,0,0,0,5,0,0,0,0,0,0,0,0,0,0,0,0,3,5,0,4,0,0,0,0,0,0,3,0,0,25,0,0,0,0,0,0,0,0,0,0,0,0,0,0,0
276,starbucks,buff0030,,7.92,0.04,16178.35,0,53,45,1155239,881,610,260,4680,97,15104,17732,341.2,352,,0,0,0,0,8,3,0,0,3,0,20,0,0,0,0,0,0,0,0,0,0,0,0,10,0,0,2,3,0,21,0,0,0,0,3,1,5,0,0,0,2,0,0,1,0,0,0,0,0,26,0,0
277,starbucks,buff0030,39.47,751.92,0.01,8557.15,0,172,1185,31229,467,22,3840,7560,100,4512,27714,66.17,266,,0,0,0,0,26,0,0,0,0,1,3,37,0,0,0,0,0,0,0,0,0,0,0,10,0,1,2,0,0,0,0,0,0,1,0,1,0,0,0,0,0,0,0,0,0,0,0,0,0,2,0,0
278,starbucks,buff0030,51.78,0,0,8748.69,0,14,107,69093,2702,2335,9510,1055,254,1440,23188,535.77,244,,3,0,0,0,0,0,0,0,0,1,6,0,0,0,0,0,0,0,0,0,0,0,0,3,16,0,0,0,0,0,0,0,0,1,0,0,10,0,0,0,0,0,0,0,0,0,0,0,0,0,0,0
279,starbucks,buff0030,,13.23,0.32,7996.17,0,1,15,271084,20383,36,9521,6275,298,52,1708,15398.14,120,,0,0,0,0,268,0,0,0,5,0,0,0,0,0,0,0,0,0,0,0,0,0,0,0,0,0,0,0,1,0,0,0,0,0,0,0,0,0,0,34,0,0,0,0,0,0,1,0,0,9,0,0
280,starbucks,buff0030,,0,0.04,19824.12,0,50,137,548355,770,1685,1830,276,86,391,588,527.37,5016,84.21,0,0,0,0,13,0,0,0,0,1,7,0,0,0,0,1,0,0,0,0,0,0,0,0,0,2,0,0,12,1,0,0,4,4,0,0,0,0,0,0,0,0,0,0,0,0,1,0,0,0,0,0
281,starbucks,buff0031,27.21,283.12,0.45,14559.37,6,9,38,49137,2230,331,154,8766,376,1020,12834,230.48,182,,0,0,0,0,0,2,0,0,0,0,6,0,1,0,0,0,0,0,0,0,0,0,0,0,0,0,0,0,16,0,0,0,0,2,0,0,0,0,0,3,0,0,0,1,0,0,0,0,0,0,0,0
282,starbucks,buff0031,,1.32,0.06,14733.03,0,1,7,1014300,762,337,157,4122,950,287,18052,39.72,304,90.28,0,0,0,0,0,1,0,0,1,0,59,0,0,0,0,0,0,0,0,0,0,0,0,0,0,0,0,0,0,0,0,22,0,0,0,0,0,0,0,2,0,2,1,0,0,0,1,0,0,0,0,0
283,starbucks,buff0031,33.26,9.26,0.03,24962.75,0,136,969,132709,29255,87,4950,169,13,440,386,4749.47,1632,,0,0,0,0,12,0,0,0,4,1,18,0,0,0,0,0,0,0,0,0,0,0,0,0,0,4,0,0,3,1,0,0,2,24,0,0,0,0,0,0,0,0,0,0,0,0,2,0,0,0,0,0
284,starbucks,buff0031,,294.09,0.11,9547.03,0,0,118,160182,23978,153,9900,99,69,2464,17174,580.13,218,,0,0,0,0,229,0,0,0,1,1,2,0,0,0,0,1,0,0,0,0,0,0,0,0,0,1,0,0,7,1,0,0,6,32,0,0,0,0,1,0,0,0,0,0,0,0,1,0,0,0,0,0
285,starbucks,buff0031,,0,0,8041.73,13,6,22,263977,216,114,30,6660,175,264,882,316.6,414,,3,0,0,0,0,0,0,0,0,0,5,0,0,0,0,0,0,0,0,0,0,0,0,3,5,0,4,0,0,0,0,0,0,3,0,0,25,0,0,0,0,0,0,0,0,0,0,0,0,0,0,0
286,starbucks,buff0031,,7.92,0.04,16178.35,0,53,45,1155239,881,610,260,4680,97,15104,17732,341.2,352,,0,0,0,0,8,3,0,0,3,0,20,0,0,0,0,0,0,0,0,0,0,0,0,10,0,0,2,3,0,21,0,0,0,0,3,1,5,0,0,0,2,0,0,1,0,0,0,0,0,26,0,0
287,starbucks,buff0031,51.78,0,0,8748.69,0,14,107,69093,2702,2335,9510,1055,254,1440,23188,535.77,244,,3,0,0,0,0,0,0,0,0,1,6,0,0,0,0,0,0,0,0,0,0,0,0,3,16,0,0,0,0,0,0,0,0,1,0,0,10,0,0,0,0,0,0,0,0,0,0,0,0,0,0,0
288,starbucks,buff0031,,0,0.08,15001.43,0,74,54,943754,635,191,5100,549,125,290,35898,1260.78,245,,0,3,0,0,0,1,0,1,17,0,2,9,0,0,0,0,0,0,0,0,1,0,0,0,0,0,2,0,4,0,0,6,0,0,0,0,8,0,0,4,0,0,0,0,0,0,0,0,8,0,0,0
289,starbucks,buff0031,,0,0.04,19824.12,0,50,137,548355,770,1685,1830,276,86,391,588,527.37,5016,84.21,0,0,0,0,13,0,0,0,0,1,7,0,0,0,0,1,0,0,0,0,0,0,0,0,0,2,0,0,12,1,0,0,4,4,0,0,0,0,0,0,0,0,0,0,0,0,1,0,0,0,0,0
290,starbucks nexus shantiniketan,buff0032,,46.33,0.12,23105.65,1,12,182,1172175,5028,115,172,290,244,12320,668,35915.35,526,,0,0,0,0,9,0,0,0,0,0,9,1,0,0,0,0,0,0,0,0,0,1,0,0,0,0,2,0,0,0,0,0,0,22,151,5,0,0,0,0,0,0,3,0,0,0,0,0,10,2,0,0
291,starbucks nexus shantiniketan,buff0032,27.04,544.73,0,15074.8,0,6,98,60739,853,1440,5010,510,70,7360,22320,1343.36,107,137.5,0,11,0,0,54,0,0,0,0,0,1,1,0,0,0,0,0,0,0,0,1,0,5,2,0,0,0,6,0,0,0,1,1,22,0,2,7,0,0,0,0,0,0,0,0,0,0,0,0,0,0,0
292,starbucks nexus shantiniketan,buff0032,,39.58,0,5818.14,0,232,83,1152490,3266,295,438,8046,361,419,3782,7227.43,84,,0,0,0,0,1,2,0,0,0,0,10,1,0,0,0,0,0,0,0,0,0,0,0,5,0,21,2,0,0,0,0,0,0,0,0,0,0,0,0,0,0,0,0,0,0,0,0,0,0,1,0,0
293,starbucks nexus shantiniketan,buff0032,25.76,243.75,0.36,534.05,0,202,575,29375,6483,214,520,10,1915,122,748,1626.37,137,,0,0,0,0,0,4,0,0,0,0,2,0,1,0,0,0,0,0,0,0,0,0,0,0,0,0,0,0,32,0,0,0,0,2,0,0,0,0,0,1,0,0,0,3,0,0,0,0,11,0,0,0
294,starbucks nexus shantiniketan,buff0032,19.59,145.4,0.07,6875.16,2,5,1016,800670,5321,132,17910,444,166,11776,160,22889.39,104,,0,0,0,0,0,0,0,0,5,0,11,3,0,0,0,0,0,0,0,0,0,1,1,0,0,0,0,0,0,0,0,1,1,17,0,4,0,0,8,0,0,0,0,0,0,0,0,0,0,0,0,0
295,starbucks nexus shantiniketan,buff0032,15,0,0,5364.54,3,20,2,2256549,5040,102,692,3906,334,190,11656,517.21,2263,,3,0,0,0,0,0,0,0,0,0,0,0,0,0,0,0,0,0,0,0,0,0,0,0,0,24,0,4,5,0,0,0,0,0,2,0,0,0,0,0,0,0,0,0,0,0,0,0,0,0,0,0
296,starbucks nexus shantiniketan,buff0032,10.91,0,0.04,19016.69,2,189,617,102083,3435,45,388,3852,45,13984,15500,370.79,2088,175.91,0,0,0,0,701,0,0,1,1,0,8,0,0,0,0,0,0,0,0,0,0,1,0,0,0,0,0,0,0,2,0,0,0,0,0,0,0,0,0,0,0,0,0,0,0,0,1,0,0,22,0,0
297,starbucks nexus shantiniketan,buff0032,,1.32,0.26,6915.27,0,10,737,26989,5334,131,360,106,1335,11424,1467,1239.15,74,,0,0,0,0,0,0,1,0,2,0,1,1,0,0,0,0,0,0,0,0,3,4,2,0,0,0,0,0,0,0,0,2,1,4,0,44,0,0,4,0,0,0,0,0,0,0,0,0,0,0,0,0
298,starbucks nexus shantiniketan,buff0032,21.29,0,0.1,11844.4,0,16,206,1155066,8522,235,203,3168,381,93,12032,23609.54,4692,,0,0,0,0,256,0,0,1,1,0,11,0,0,0,0,0,0,0,0,0,0,1,0,0,0,0,0,0,0,4,0,0,0,0,0,0,0,0,0,0,0,0,0,0,0,0,3,0,0,2,0,0
299,starbucks nexus shantiniketan,buff0032,9.13,5.27,0.01,22254.28,2,12,107,109764,6568,194,115,4302,13,350,1782,20895.33,3144,35.71,0,0,0,0,43,0,1,3,6,0,12,0,0,0,0,0,0,0,0,0,0,1,0,0,0,0,0,0,0,1,0,0,0,0,0,0,0,0,0,0,0,0,0,0,0,0,1,0,0,1,0,0
300,starbucks,buff0033,,0,0.33,1267.65,0,12,544,30355,21012,211,302,381,66,4768,590,12036.62,2976,,6,49,0,0,0,0,0,0,0,0,0,1,0,0,0,0,0,0,0,0,1,16,6,0,0,31,8,0,0,0,0,0,0,0,1,59,2,0,12,0,1,0,0,0,0,0,0,0,1,0,0,0
301,starbucks,buff0033,,0,0.07,20637.65,0,6,60,749406,31661,1585,907,379,440,9568,5890,242.63,321,,0,0,0,0,1,0,0,0,0,0,0,11,0,0,0,0,0,0,0,0,0,0,0,0,0,1,0,44,0,0,0,0,0,0,0,0,11,0,13,0,6,3,0,0,0,0,0,0,1,8,0,0
302,starbucks,buff0033,,294.09,0.11,9547.03,0,0,118,160182,23978,153,9900,99,69,2464,17174,580.13,218,,0,0,0,0,229,0,0,0,1,1,2,0,0,0,0,1,0,0,0,0,0,0,0,0,0,1,0,0,7,1,0,0,6,32,0,0,0,0,1,0,0,0,0,0,0,0,1,0,0,0,0,0
303,starbucks,buff0033,27.2,0,0.04,15352.83,0,12,35,34710,3070,984,12930,250,1460,72,500,164.14,2832,62.78,0,8,0,0,0,0,1,9,0,1,0,3,0,0,0,0,0,0,0,0,0,1,0,6,1,0,2,6,0,0,0,0,3,28,0,35,3,0,0,0,0,0,0,0,0,0,1,0,1,0,0,1
304,starbucks,buff0033,,0,0.12,22357.68,0,4,881,58459,1437,41,11340,25,2,9152,9920,222.43,2784,,0,0,0,0,3,0,0,0,2,0,1,0,0,0,0,0,0,0,0,0,0,2,0,0,0,2,0,3,0,0,0,3,0,0,107,0,2,0,1,0,10,11,0,0,2,0,0,0,0,5,0,0
305,starbucks,buff0033,29.55,3130.06,0.22,25194.51,0,176,15,29072,3707,54,1292,6894,388,280,574,737.6,816,,0,0,0,0,1,47,0,0,0,0,27,0,0,0,0,0,0,0,0,0,0,0,0,0,0,0,0,0,8,0,0,2,0,84,37,0,0,0,0,9,0,0,0,2,0,0,0,0,0,0,0,0
306,starbucks,buff0033,,0,0,8041.73,13,6,22,263977,216,114,30,6660,175,264,882,316.6,414,,3,0,0,0,0,0,0,0,0,0,5,0,0,0,0,0,0,0,0,0,0,0,0,3,5,0,4,0,0,0,0,0,0,3,0,0,25,0,0,0,0,0,0,0,0,0,0,0,0,0,0,0
307,starbucks,buff0033,,7.92,0.04,16178.35,0,53,45,1155239,881,610,260,4680,97,15104,17732,341.2,352,,0,0,0,0,8,3,0,0,3,0,20,0,0,0,0,0,0,0,0,0,0,0,0,10,0,0,2,3,0,21,0,0,0,0,3,1,5,0,0,0,2,0,0,1,0,0,0,0,0,26,0,0
308,starbucks,buff0033,25.95,5.28,0.13,833.86,0,10,498,265326,5093,90,312,210,135,11072,8246,801.76,1668,56.82,0,0,0,0,1,6,0,0,0,1,7,0,1,0,0,0,0,0,0,0,0,0,1,3,7,0,0,0,26,0,0,2,0,11,6,32,0,0,0,14,0,0,0,0,0,0,0,0,0,0,0,0
309,starbucks,buff0033,,0,0.08,15001.43,0,74,54,943754,635,191,5100,549,125,290,35898,1260.78,245,,0,3,0,0,0,1,0,1,17,0,2,9,0,0,0,0,0,0,0,0,1,0,0,0,0,0,2,0,4,0,0,6,0,0,0,0,8,0,0,4,0,0,0,0,0,0,0,0,8,0,0,0
310,starbucks coffee,buff0034,19.3,0,0.06,16549.12,0,76,17,268005,31384,419,4410,38,80,110,484,6616.16,37,,0,0,0,0,44,0,0,0,0,1,0,2,0,0,0,0,0,0,0,0,0,0,0,1,0,1,4,0,0,0,0,0,0,1,0,2,0,0,0,0,0,0,0,0,0,0,0,0,0,10,0,0
311,starbucks coffee,buff0034,19.37,0,0.05,2655.88,0,0,205,200605,25170,2010,111,26,1130,4832,22382,1005.3,638,,0,0,0,0,0,2,0,0,1,0,1,0,0,0,0,0,0,0,0,0,0,5,0,0,1,0,0,1,22,0,0,1,1,0,0,0,0,0,0,98,0,0,0,0,0,0,0,0,0,0,0,0
312,starbucks coffee,buff0034,15.62,0,0.15,11465.83,0,10,19,2340564,2510,153,118,6552,18,12320,17546,25648.4,74,,0,0,0,0,24,1,0,0,2,1,41,0,0,0,0,0,0,0,0,0,0,0,0,0,0,8,0,0,24,1,0,0,0,2,0,0,0,0,2,1,0,0,0,0,0,0,0,0,0,0,0,0
313,starbucks coffee,buff0034,20.1,29,0,20532.36,1,35,187,2166408,1344,272,75,121,1270,40,21948,18272.9,71,,0,0,0,0,3,5,0,0,20,1,1,0,0,0,0,0,0,0,0,0,0,0,0,0,0,5,0,11,8,3,0,0,5,4,0,0,0,0,29,3,0,0,0,0,0,0,0,0,0,0,0,0
314,starbucks coffee,buff0034,24.36,1.32,0,6554.14,0,4,2,3363,3750,375,201,262,243,258,0,206.27,144,,2,8,0,0,0,0,0,0,0,0,0,1,0,0,0,0,0,0,0,0,1,1,1,0,0,0,5,0,0,0,0,0,0,0,12,5,1,0,9,0,1,0,0,0,0,0,0,0,3,0,0,0
315,starbucks coffee,buff0034,16.82,1481.34,0.18,24053.23,9,0,326,1120641,3846,217,199,278,845,192,570,332.08,6,,0,0,1,0,8,2,0,0,6,0,0,6,0,0,0,0,0,0,0,0,0,0,0,0,1,0,0,0,28,0,0,0,0,0,0,0,0,0,0,64,0,0,1,0,0,0,0,0,0,0,0,0
316,starbucks coffee,buff0034,26.26,58.18,0.07,13961.3,2,0,304,54425,2252,86,25,42,145,8928,202,6314,79,,0,0,2,0,0,0,1,1,0,0,0,10,0,0,0,0,0,0,0,0,1,2,0,4,1,1,0,40,0,0,0,3,1,2,0,85,0,0,0,18,0,7,0,0,4,0,2,0,1,0,0,0
317,starbucks coffee,buff0034,64.63,3.95,0,18937.37,0,116,2110,2132425,4777,900,39,278,330,8928,386,209,386,,0,0,0,0,0,1,0,0,3,0,2,3,0,0,0,0,0,0,0,0,0,0,0,0,0,0,0,0,0,0,0,3,0,0,0,0,0,0,14,0,1,0,0,0,0,0,0,0,0,0,0,0
318,starbucks coffee,buff0034,16.84,5.29,0,19787.97,0,66,112,51026,3360,489,3660,5166,665,360,11222,37228.35,165,,0,0,0,0,0,0,0,0,0,0,2,0,0,0,0,0,0,0,0,0,1,3,0,0,0,1,0,19,0,0,0,1,0,0,23,23,2,0,6,0,4,3,0,0,1,0,0,0,5,0,0,0
319,starbucks coffee,buff0034,20.23,0,0.1,1376.64,24,164,470,278744,1642,152,3810,3726,172,2368,30070,15746.63,305,11.11,0,0,0,0,0,0,0,0,3,0,0,0,0,0,0,0,0,0,0,0,0,1,0,0,10,0,0,0,1,1,0,0,0,20,0,0,0,0,15,5,0,0,1,0,0,0,0,0,0,0,0,0
320,starbucks coffee,buff0034,24.87,0,0.04,3581.63,0,51,769,34202,3721,318,2220,147,2130,111,8618,336.05,331,,0,0,0,0,0,0,0,0,0,0,1,0,0,0,0,0,0,0,0,0,1,1,0,0,0,1,0,63,0,0,0,2,0,0,1,33,1,0,17,0,12,3,0,0,2,0,0,0,3,0,0,0
321,starbucks coffee,buff0034,18.79,216.31,0.01,10249.41,1,93,1,45227,1275,154,177,6534,203,1200,267,646.09,166,40.93,0,0,0,0,2,0,0,0,0,0,1,4,0,0,0,0,0,0,0,0,0,0,0,0,0,0,0,0,0,0,0,0,0,207,1,0,0,0,14,32,0,3,0,0,0,0,0,0,0,13,0,0
322,starbucks coffee,buff0035,14.81,0,0.04,2078.77,0,94,1221,1183412,1950,349,5460,6192,199,80,518,1229.58,271,,0,25,0,0,0,0,1,0,0,0,0,3,0,0,0,0,0,0,0,0,1,0,1,8,0,3,4,2,0,0,0,0,0,0,1,38,192,0,4,0,3,0,0,0,0,0,0,0,2,0,0,0
323,starbucks coffee,buff0035,12.94,0,0.02,24325.83,10,58,497,4143851,817,270,10440,344,141,124,1836,222.56,1500,,0,0,0,0,38,1,0,0,0,0,1,0,0,0,0,0,0,0,0,0,0,0,0,0,0,0,0,0,13,0,0,0,0,4,1,0,0,0,0,0,0,0,0,5,0,0,0,0,0,0,0,0
324,starbucks coffee,buff0035,,1304.43,0.14,13204.17,0,0,608,223168,3896,100,5820,320,331,305,19654,425.27,241,,0,0,0,0,0,0,0,0,0,0,0,3,0,0,0,0,0,0,0,0,4,1,0,0,7,6,4,0,0,0,0,4,0,0,33,28,1,0,19,0,1,29,0,0,17,0,0,0,9,0,0,0
325,starbucks coffee,buff0035,,702.98,0.03,15019.19,0,146,17,49138,5135,49,459,353,1230,1,14198,95.2,4620,,16,0,0,0,22,0,0,0,0,1,7,0,0,0,0,0,0,0,0,0,0,0,0,2,0,2,0,0,0,9,0,0,4,2,0,0,0,0,0,0,0,0,0,0,0,0,0,0,5,3,0,0
326,starbucks coffee,buff0035,,0,0.1,10610.71,0,135,297,36206,30819,1415,320,5269,231,191,12338,13517.84,2388,103.01,0,0,0,0,4,1,0,0,17,1,1,0,0,0,0,0,0,0,0,0,0,0,0,0,6,0,0,69,0,0,0,3,0,0,0,0,0,0,0,1,0,0,0,0,0,0,0,0,0,0,0,0
327,starbucks coffee,buff0035,,0,0.01,8901.33,0,23,11,1145724,1628,95,5400,25,80,170,612,19168.01,13,54.35,3,0,0,0,0,0,0,0,0,0,34,0,0,0,0,0,0,0,0,0,0,0,0,2,1,0,0,0,0,0,0,0,0,26,0,0,1,0,0,0,0,0,0,0,0,0,0,0,0,0,0,0
328,starbucks coffee,buff0035,,0,0.26,15400.07,0,46,123,1953233,1836,416,8850,7866,2425,352,252,9517.95,5364,,0,7,0,0,0,0,0,3,1,0,10,0,0,0,0,0,0,0,0,0,0,0,0,0,6,0,0,0,0,0,1,0,2,0,0,0,0,0,0,21,1,0,0,0,0,0,1,0,0,0,0,0
329,starbucks coffee,buff0035,,0,0,19247.38,0,17,12,237319,17700,371,5430,321,460,12768,1506,674.91,26,,1,0,0,0,0,0,0,0,0,0,6,0,0,0,0,0,0,0,0,0,0,0,0,14,1,0,6,0,0,0,0,0,0,20,0,0,2,0,0,0,0,0,0,0,0,0,0,0,0,0,0,0
330,starbucks coffee,buff0035,,2959.54,0.13,13223.75,0,14,1173,1723,15697,0,2601,202,21,10624,392,577.28,1872,,0,9,0,0,0,0,1,0,0,0,0,0,0,0,0,0,0,0,0,0,0,0,2,1,4,1,0,2,0,15,0,0,1,8,0,64,0,0,1,0,0,0,0,0,0,0,0,0,0,0,0,0
331,starbucks coffee,buff0035,21.29,106.96,0.01,26646.62,0,252,326,16234,30549,1395,50,22,314,154,5766,506.65,83,,0,5,0,0,190,1,0,0,18,0,2,0,0,0,0,0,0,0,0,0,0,0,0,0,0,0,0,0,0,0,0,0,0,23,0,0,0,0,5,0,0,0,2,0,0,0,0,0,0,0,0,0
332,starbucks - sjr central (s262),buff0036,16.14,517.19,0.29,7759.57,0,76,723,657616,22026,226,25,95,625,330,4898,865.05,297,,0,0,0,0,1,0,0,0,0,6,2,0,0,0,0,0,0,0,0,0,0,0,0,3,13,0,0,0,0,0,0,0,0,0,0,0,19,0,0,0,0,0,0,1,0,0,0,0,0,0,0,0
333,starbucks - sjr central (s262),buff0036,19.37,0,0.05,2655.88,0,0,205,200605,25170,2010,111,26,1130,4832,22382,1005.3,638,,0,0,0,0,0,2,0,0,1,0,1,0,0,0,0,0,0,0,0,0,0,5,0,0,1,0,0,1,22,0,0,1,1,0,0,0,0,0,0,98,0,0,0,0,0,0,0,0,0,0,0,0
334,starbucks - sjr central (s262),buff0036,12.97,0,0.02,19210.47,0,53,466,69118,1468,362,13830,5904,645,4896,1519,4998.77,6840,62.58,0,0,0,0,97,0,0,0,22,0,2,0,0,0,0,0,0,0,0,0,0,2,0,0,0,1,0,11,0,0,0,1,0,0,16,0,0,0,1,0,0,3,0,0,4,0,0,0,0,1,0,0
335,starbucks - sjr central (s262),buff0036,16.63,43.68,0.01,13043.27,0,145,277,129251,939,404,12870,630,232,384,2458,29836.41,828,50.74,0,0,0,0,54,0,0,0,0,1,2,10,0,0,0,0,0,0,0,0,0,0,0,3,0,3,8,0,0,0,0,0,0,18,0,15,0,0,0,0,0,0,0,0,0,0,0,0,0,13,0,0
336,starbucks - sjr central (s262),buff0036,26.26,58.18,0.07,13961.3,2,0,304,54425,2252,86,25,42,145,8928,202,6314,79,,0,0,2,0,0,0,1,1,0,0,0,10,0,0,0,0,0,0,0,0,1,2,0,4,1,1,0,40,0,0,0,3,1,2,0,85,0,0,0,18,0,7,0,0,4,0,2,0,1,0,0,0
337,starbucks - sjr central (s262),buff0036,18.06,2719.65,0.03,15312.02,1,17,102,7678,3502,256,3,474,260,8160,5518,226.99,409,,0,0,0,0,0,1,0,0,1,0,3,0,0,0,0,0,0,0,0,0,0,5,0,0,9,0,0,1,3,0,0,4,2,0,0,0,0,0,0,7,0,0,0,0,0,0,0,0,0,0,0,0
338,starbucks - sjr central (s262),buff0036,12.83,50.27,0.09,8947.75,0,1,9,134821,1437,399,88,5112,230,13344,750,445.62,176,,0,36,0,0,0,0,0,0,0,0,0,1,0,0,0,1,0,0,0,0,0,0,0,0,0,1,0,14,0,0,0,0,0,0,5,0,0,0,0,0,0,0,0,1,0,0,0,0,23,0,0,0
339,starbucks - sjr central (s262),buff0036,13.91,0,0.05,11600.75,0,109,347,215969,917,2385,271,4986,370,734,168,789.12,234,,0,0,1,0,0,0,0,0,0,0,0,1,0,0,0,0,0,0,0,0,0,0,2,10,9,6,0,6,18,0,0,0,2,1,5,2,0,0,0,4,0,0,0,0,0,0,0,0,0,0,0,0
340,starbucks - sjr central (s262),buff0036,20.23,0,0.1,1376.64,24,164,470,278744,1642,152,3810,3726,172,2368,30070,15746.63,305,11.11,0,0,0,0,0,0,0,0,3,0,0,0,0,0,0,0,0,0,0,0,0,1,0,0,10,0,0,0,1,1,0,0,0,20,0,0,0,0,15,5,0,0,1,0,0,0,0,0,0,0,0,0
341,starbucks vr mall,buff0037,21.59,3153.39,0.52,11991.37,43,7,7,143613,1536,165,344,1674,83,1600,804,561.53,96,55.3,0,0,0,0,1,46,0,0,0,0,3,0,0,0,0,0,0,0,0,0,0,0,0,0,0,0,0,0,1,0,0,1,0,21,1,0,0,0,0,6,0,0,0,3,0,0,0,0,0,0,0,0
342,starbucks vr mall,buff0037,43.75,151.67,0.24,12459.39,0,29,4,885025,3532,18,13950,7812,325,614,564,979.13,3588,,1,6,3,0,0,0,0,0,0,0,3,1,0,0,0,0,0,0,0,0,0,0,0,2,1,16,12,21,0,32,0,0,0,3,0,1,3,0,0,0,0,3,0,0,1,0,0,0,3,0,0,0
343,starbucks vr mall,buff0037,,0,0.02,7842.89,10,95,954,2216320,4861,2440,121,172,1565,185,436,17572.25,102,20,3,0,0,0,0,0,0,0,0,0,18,0,0,0,0,0,0,0,0,0,0,0,0,0,0,0,0,17,16,0,0,0,0,0,1,0,0,0,0,0,0,0,0,0,0,0,0,0,0,0,0,0
344,starbucks vr mall,buff0037,14,0,0.03,17553.55,0,189,211,13474,20078,194,248,272,1175,66,2016,12209.77,3960,,0,0,0,0,11,0,0,0,0,0,4,0,0,0,0,0,0,0,0,0,0,0,0,0,0,0,2,0,0,0,0,0,0,0,0,0,0,0,0,0,7,0,0,0,0,0,1,0,0,1,0,0
345,starbucks vr mall,buff0037,24,0,0.01,6980.64,0,98,84,54639,4720,405,7350,210,304,304,9176,762.53,158,,1,26,0,0,0,0,1,1,0,0,0,15,0,0,0,1,0,0,0,0,1,0,3,15,1,2,2,8,0,0,0,0,0,0,16,4,7,0,1,0,1,0,0,0,2,0,0,0,2,0,0,0
346,starbucks vr mall,buff0037,,34.34,0.04,3516.61,0,202,180,17335,275,115,630,3857,127,393,10292,71.47,196,,0,3,0,0,4,2,0,3,24,0,9,6,0,0,0,0,0,0,0,0,0,0,0,8,0,8,0,0,1,0,1,3,0,36,0,0,1,0,0,1,0,0,0,0,0,0,0,0,0,0,0,0
347,starbucks vr mall,buff0037,18.45,569.88,0.01,7089.85,0,46,35,33824,3726,1735,502,2196,63,5925,6014,1447.69,280,,0,0,0,0,82,1,0,0,3,1,14,32,0,0,0,0,0,0,0,0,0,0,0,0,0,0,0,0,0,2,1,0,0,13,0,0,0,0,2,0,13,0,1,1,0,0,0,0,0,0,0,0
348,starbucks vr mall,buff0037,33.33,19.8,0,19398.6,0,60,514,160545,8150,89,4020,274,378,14752,24118,678.14,342,108.7,0,0,0,0,0,0,0,0,0,0,1,2,0,0,0,0,0,0,0,0,0,0,0,0,0,1,0,0,1,0,0,0,0,0,0,0,0,0,1,9,40,9,0,0,0,0,1,0,0,0,0,0
349,starbucks vr mall,buff0037,20.74,15.83,0.06,23677.97,0,132,2,242740,16641,74,384,599,840,265,23808,1503.15,1545,,0,0,0,0,112,0,0,0,0,0,5,0,0,0,0,0,0,0,0,0,0,0,0,0,0,0,0,0,34,0,0,0,0,27,14,0,1,0,0,37,0,25,0,0,0,0,0,0,0,3,0,0
350,starbucks vr mall,buff0037,15.64,263.06,0.05,6549.76,0,49,87,37350,434,70,120,248,248,209,290,35089.55,3089,,0,0,0,0,3,0,0,0,0,2,34,0,0,0,0,0,0,0,0,0,0,0,0,11,0,0,0,0,23,7,0,0,0,0,0,0,0,0,0,4,1,0,0,0,0,0,0,0,0,1,0,0
351,starbucks vr mall,buff0037,16.45,7.92,0.16,3672.18,0,12,41,15912,3505,158,12000,1098,1550,12512,16182,7230.54,140,,0,0,0,0,76,1,0,0,0,0,4,0,0,0,0,0,0,0,0,0,0,0,0,0,0,0,6,0,0,0,1,0,0,0,0,0,0,0,0,0,7,0,0,0,0,0,1,0,0,1,0,0
352,starbucks bhartiya mall of bangalore,buff0038,,0,0.29,13099.97,0,25,1654,181192,1635,12,10620,118,108,8352,21142,5.3,5592,,1,9,0,0,0,0,1,2,0,0,0,2,0,0,0,1,0,0,0,0,1,0,10,1,2,3,14,8,0,0,0,0,0,0,22,14,2,0,13,0,3,0,0,0,3,0,0,0,1,0,0,0
353,starbucks bhartiya mall of bangalore,buff0038,,13.18,0.03,16075.03,0,1,91,266531,6520,670,120,3258,75,405,72,19467,270,30.77,0,0,0,0,39,0,0,0,0,0,1,0,0,0,0,0,0,0,0,0,0,0,0,0,0,0,0,0,6,0,0,0,0,0,0,0,0,0,0,12,10,0,0,1,0,0,0,0,0,0,0,0
354,starbucks bhartiya mall of bangalore,buff0038,252.22,0,0.26,17100.25,0,1,164,2138126,4107,6,271,2882,1440,6080,388,30126.29,82,59.09,0,0,0,0,1,0,0,0,0,0,2,0,0,0,0,0,0,0,0,0,0,0,0,0,0,0,2,0,0,0,0,0,0,0,0,0,0,0,0,0,8,0,0,0,0,0,2,0,0,11,0,0
355,starbucks bhartiya mall of bangalore,buff0038,,0,0.32,21149.82,0,13,110,1162047,365,2180,219,72,374,8690,35,7966.57,480,,1,0,0,0,0,0,2,0,0,0,36,8,0,0,0,0,0,0,0,0,0,0,0,0,0,0,0,29,0,14,0,0,0,0,1,0,0,0,0,0,0,0,0,0,0,0,0,0,0,0,0,0
356,starbucks bhartiya mall of bangalore,buff0038,15.61,5.28,0.1,8567.18,23,43,212,694056,3917,1610,84,43,23,2048,2034,413.9,86,77.78,4,0,0,0,0,0,0,0,0,0,17,0,0,0,0,0,0,0,0,0,0,0,0,0,0,0,0,27,4,0,0,0,0,0,2,0,0,0,0,0,0,0,0,0,0,0,0,0,0,0,0,0
357,starbucks bhartiya mall of bangalore,buff0038,,0,0,20264.94,0,144,30,68369,901,135,142,6934,1950,227,16802,254.14,3300,,0,4,0,0,167,0,0,0,0,0,38,1,0,0,0,0,0,0,0,0,1,0,2,3,0,0,0,6,0,0,0,0,1,19,0,19,3,0,0,0,0,0,0,0,0,0,0,0,0,0,0,0
358,starbucks bhartiya mall of bangalore,buff0038,,273.1,0,4056.99,0,10,564,202466,19935,305,3990,413,58,367,10726,153.36,189,,0,53,0,0,61,1,1,0,0,2,14,1,0,0,0,0,0,0,0,0,1,3,0,2,0,0,6,9,0,0,0,0,5,1,0,40,9,0,0,0,0,0,0,0,0,0,2,0,0,0,0,0
359,starbucks,buff0039,18.44,6.62,0.42,7808.45,0,20,25,303240,806,1425,3270,3384,366,645,23870,2629.69,419,,0,0,0,0,265,0,0,0,0,0,1,0,0,0,0,1,0,0,0,0,0,0,0,0,0,0,0,0,11,0,0,1,10,0,0,0,0,0,0,2,0,6,0,0,0,0,0,0,0,1,0,0
360,starbucks,buff0039,206.86,70.21,0.16,15197.81,0,9,331,133599,6534,72,12900,50,161,5408,592,279.92,1848,,0,0,0,0,0,0,2,1,0,0,0,20,0,0,0,1,0,0,0,0,1,0,4,2,0,2,2,4,0,0,0,0,0,0,1,12,38,0,4,0,1,5,0,0,1,0,0,0,1,0,0,0
361,starbucks,buff0039,17.78,304.86,0.12,14142.85,0,165,250,42743,1008,940,414,32,136,1205,132,4014.1,12,,0,5,0,0,71,0,0,0,0,0,6,0,0,0,0,0,0,0,0,0,0,0,0,0,0,0,0,0,10,0,0,0,0,8,51,0,1,0,0,3,0,4,0,0,0,0,0,0,0,1,0,0
362,starbucks,buff0039,,531.12,0.06,23530.17,4,21,21,2250565,799,280,220,3528,1650,41,28334,664.87,29,,0,0,0,0,7,3,0,0,22,1,21,0,0,0,0,0,0,0,0,0,0,4,0,0,3,1,0,2,0,148,0,13,0,0,0,0,0,0,0,0,0,0,0,0,0,0,0,0,0,0,0,0
363,starbucks,buff0039,15,1377.18,0.02,25649.25,0,10,61,48134,830,18,421,2394,49,18,594,195.14,3384,1000,0,0,0,0,4,2,0,0,1,0,4,0,0,0,0,0,0,0,0,0,0,9,0,0,0,0,0,0,6,1,0,1,1,0,3,0,0,0,0,13,0,0,0,0,0,0,0,0,0,0,0,0
364,starbucks,buff0039,20.49,546.08,0.17,1777.52,0,16,1229,171802,4852,210,64,258,1915,158,20460,29.1,299,67.96,0,10,0,0,0,0,0,0,1,0,20,0,0,0,0,0,0,0,0,0,0,0,0,0,0,0,0,0,47,0,0,2,0,0,0,0,9,0,2,0,14,8,1,0,0,0,1,0,0,0,0,0
365,starbucks,buff0039,25,2155.62,0.05,11030.3,0,14,271,213133,6608,80,150,1710,133,329,21266,8429.01,516,,0,0,0,0,0,0,0,0,0,0,3,5,0,0,0,0,0,0,0,0,0,2,0,0,0,0,0,0,0,0,0,0,0,55,0,0,0,0,2,0,0,4,0,0,0,0,0,0,0,0,0,0
366,starbucks - bhartiya city (s319),buff0040,,0,0.29,13099.97,0,25,1654,181192,1635,12,10620,118,108,8352,21142,5.3,5592,,1,9,0,0,0,0,1,2,0,0,0,2,0,0,0,1,0,0,0,0,1,0,10,1,2,3,14,8,0,0,0,0,0,0,22,14,2,0,13,0,3,0,0,0,3,0,0,0,1,0,0,0
367,starbucks - bhartiya city (s319),buff0040,,13.18,0.03,16075.03,0,1,91,266531,6520,670,120,3258,75,405,72,19467,270,30.77,0,0,0,0,39,0,0,0,0,0,1,0,0,0,0,0,0,0,0,0,0,0,0,0,0,0,0,0,6,0,0,0,0,0,0,0,0,0,0,12,10,0,0,1,0,0,0,0,0,0,0,0
368,starbucks - bhartiya city (s319),buff0040,252.22,0,0.26,17100.25,0,1,164,2138126,4107,6,271,2882,1440,6080,388,30126.29,82,59.09,0,0,0,0,1,0,0,0,0,0,2,0,0,0,0,0,0,0,0,0,0,0,0,0,0,0,2,0,0,0,0,0,0,0,0,0,0,0,0,0,8,0,0,0,0,0,2,0,0,11,0,0
369,starbucks - bhartiya city (s319),buff0040,,0,0.32,21149.82,0,13,110,1162047,365,2180,219,72,374,8690,35,7966.57,480,,1,0,0,0,0,0,2,0,0,0,36,8,0,0,0,0,0,0,0,0,0,0,0,0,0,0,0,29,0,14,0,0,0,0,1,0,0,0,0,0,0,0,0,0,0,0,0,0,0,0,0,0
370,starbucks - bhartiya city (s319),buff0040,15.61,5.28,0.1,8567.18,23,43,212,694056,3917,1610,84,43,23,2048,2034,413.9,86,77.78,4,0,0,0,0,0,0,0,0,0,17,0,0,0,0,0,0,0,0,0,0,0,0,0,0,0,0,27,4,0,0,0,0,0,2,0,0,0,0,0,0,0,0,0,0,0,0,0,0,0,0,0
371,starbucks - bhartiya city (s319),buff0040,,0,0,20264.94,0,144,30,68369,901,135,142,6934,1950,227,16802,254.14,3300,,0,4,0,0,167,0,0,0,0,0,38,1,0,0,0,0,0,0,0,0,1,0,2,3,0,0,0,6,0,0,0,0,1,19,0,19,3,0,0,0,0,0,0,0,0,0,0,0,0,0,0,0
372,starbucks - bhartiya city (s319),buff0040,34.82,2508.65,0.02,10572.63,0,16,760,32076,3500,313,10920,0,1930,123,756,735.3,452,100,2,0,0,0,0,0,0,0,0,0,16,0,0,0,0,0,0,0,0,0,0,0,0,0,0,0,0,6,5,0,0,0,0,0,7,0,0,0,0,0,0,0,0,0,0,0,0,0,0,0,0,0
373,starbucks - bhartiya city (s319),buff0040,,273.1,0,4056.99,0,10,564,202466,19935,305,3990,413,58,367,10726,153.36,189,,0,53,0,0,61,1,1,0,0,2,14,1,0,0,0,0,0,0,0,0,1,3,0,2,0,0,6,9,0,0,0,0,5,1,0,40,9,0,0,0,0,0,0,0,0,0,2,0,0,0,0,0
374,starbucks,buff0041,31.19,2.65,0.04,9387.97,5,13,73,2509,1477,163,2220,132,445,175,609,10255.78,203,,0,0,2,0,0,0,1,3,0,0,2,4,0,0,0,0,0,0,0,0,1,2,0,17,1,5,0,5,0,0,0,2,1,5,0,6,0,0,0,15,0,0,0,0,2,0,1,0,20,0,0,0
375,starbucks,buff0041,19.7,6.59,0,14935.83,0,1,1270,31594,17149,90,139,2844,200,371,27652,22169.91,1440,,0,0,0,0,5,2,0,0,3,0,1,0,0,0,0,0,0,0,0,0,0,4,0,0,0,0,0,0,2,1,0,1,1,0,20,0,0,0,0,13,0,0,0,0,0,0,0,0,0,0,0,0
376,starbucks,buff0041,16.09,0,0.3,23698.35,0,215,26,2015035,8430,2000,361,6948,193,218,646,1024.29,2196,,0,0,0,0,0,0,0,0,0,0,7,1,0,0,0,0,0,0,0,0,0,0,0,0,0,0,0,13,0,0,1,0,0,1,54,0,0,0,1,22,0,0,0,0,0,0,0,0,0,0,0,0
377,starbucks,buff0041,172.3,7.93,0.16,7433.9,0,5,25,26916,704,246,74,182,427,10464,1798,331.86,599,,0,0,0,0,0,1,0,0,1,0,2,0,0,0,0,0,0,0,0,0,0,1,0,0,9,0,0,1,3,0,0,10,1,0,0,0,0,0,0,17,0,0,0,0,0,0,0,0,0,0,0,0
378,starbucks,buff0041,17.2,0,0.05,9316.48,0,78,318,100580,1540,214,580,379,15,320,17856,1570.62,31,13.75,0,0,0,0,176,0,0,0,11,0,1,0,0,0,0,0,0,0,0,0,0,1,0,0,0,3,0,20,0,0,0,1,0,0,7,0,0,0,16,0,0,6,0,0,1,0,0,0,0,1,0,0
379,starbucks,buff0041,16.04,368.42,0.21,21016.32,0,2,600,206202,13596,136,49,1692,1100,282,808,4962.35,175,,0,0,0,0,1,2,0,0,1,0,3,0,0,0,0,0,0,0,0,0,0,0,0,0,0,0,0,0,1,14,0,1,1,0,67,0,0,0,0,4,0,0,0,0,0,0,0,0,0,2,0,0
380,starbucks,buff0041,14.17,0,0.23,4216.26,0,34,320,31020,1163,40,270,1746,178,12324,674,190.77,1224,,0,0,0,0,0,0,0,0,13,0,0,0,0,0,0,0,0,0,0,0,0,9,0,0,2,0,0,0,0,1,1,0,0,87,0,0,0,0,2,4,0,0,1,0,0,0,0,0,0,0,0,0
381,starbucks - goldman sachs (s172),buff0042,,382.81,0.02,27615.43,5,0,731,54856,692,785,75,695,650,257,3285,370.47,276,37.5,0,0,1,0,5,3,0,0,19,0,0,2,0,0,0,0,0,0,0,0,0,0,0,0,2,0,0,0,11,0,0,0,0,0,0,0,0,0,0,6,0,0,1,0,0,0,0,0,0,0,0,0
382,starbucks - goldman sachs (s172),buff0042,,543.54,0.02,1731.21,0,139,612,1869887,798,365,135,526,129,7840,2124,1698.44,1452,,0,1,0,0,0,1,0,0,5,0,0,0,0,0,0,0,0,0,0,0,1,5,0,3,2,0,5,0,0,0,0,1,0,83,0,0,7,0,0,11,0,0,0,0,0,0,0,0,0,0,0,0
383,starbucks - goldman sachs (s172),buff0042,33.26,9.26,0.03,24962.75,0,136,969,132709,29255,87,4950,169,13,440,386,4749.47,1632,,0,0,0,0,12,0,0,0,4,1,18,0,0,0,0,0,0,0,0,0,0,0,0,0,0,4,0,0,3,1,0,0,2,24,0,0,0,0,0,0,0,0,0,0,0,0,2,0,0,0,0,0
384,starbucks - goldman sachs (s172),buff0042,,294.09,0.11,9547.03,0,0,118,160182,23978,153,9900,99,69,2464,17174,580.13,218,,0,0,0,0,229,0,0,0,1,1,2,0,0,0,0,1,0,0,0,0,0,0,0,0,0,1,0,0,7,1,0,0,6,32,0,0,0,0,1,0,0,0,0,0,0,0,1,0,0,0,0,0
385,starbucks - goldman sachs (s172),buff0042,,0,0,8041.73,13,6,22,263977,216,114,30,6660,175,264,882,316.6,414,,3,0,0,0,0,0,0,0,0,0,5,0,0,0,0,0,0,0,0,0,0,0,0,3,5,0,4,0,0,0,0,0,0,3,0,0,25,0,0,0,0,0,0,0,0,0,0,0,0,0,0,0
386,starbucks - goldman sachs (s172),buff0042,,7.92,0.04,16178.35,0,53,45,1155239,881,610,260,4680,97,15104,17732,341.2,352,,0,0,0,0,8,3,0,0,3,0,20,0,0,0,0,0,0,0,0,0,0,0,0,10,0,0,2,3,0,21,0,0,0,0,3,1,5,0,0,0,2,0,0,1,0,0,0,0,0,26,0,0
387,starbucks - goldman sachs (s172),buff0042,39.47,751.92,0.01,8557.15,0,172,1185,31229,467,22,3840,7560,100,4512,27714,66.17,266,,0,0,0,0,26,0,0,0,0,1,3,37,0,0,0,0,0,0,0,0,0,0,0,10,0,1,2,0,0,0,0,0,0,1,0,1,0,0,0,0,0,0,0,0,0,0,0,0,0,2,0,0
388,starbucks - goldman sachs (s172),buff0042,51.78,0,0,8748.69,0,14,107,69093,2702,2335,9510,1055,254,1440,23188,535.77,244,,3,0,0,0,0,0,0,0,0,1,6,0,0,0,0,0,0,0,0,0,0,0,0,3,16,0,0,0,0,0,0,0,0,1,0,0,10,0,0,0,0,0,0,0,0,0,0,0,0,0,0,0
389,starbucks - goldman sachs (s172),buff0042,,13.23,0.32,7996.17,0,1,15,271084,20383,36,9521,6275,298,52,1708,15398.14,120,,0,0,0,0,268,0,0,0,5,0,0,0,0,0,0,0,0,0,0,0,0,0,0,0,0,0,0,0,1,0,0,0,0,0,0,0,0,0,0,34,0,0,0,0,0,0,1,0,0,9,0,0
390,starbucks - goldman sachs (s172),buff0042,,0,0.04,19824.12,0,50,137,548355,770,1685,1830,276,86,391,588,527.37,5016,84.21,0,0,0,0,13,0,0,0,0,1,7,0,0,0,0,1,0,0,0,0,0,0,0,0,0,2,0,0,12,1,0,0,4,4,0,0,0,0,0,0,0,0,0,0,0,0,1,0,0,0,0,0
